date,Adj Close,Close,High,Low,Open,Volume
2021-08-18,1.3740416765213013,1.3740416765213013,1.3770312070846558,1.3733999729156494,1.374003767967224,0
2021-08-19,1.3743815422058103,1.3743815422058103,1.374967336654663,1.365411400794983,1.3744381666183472,0
2021-08-20,1.36308491230011,1.36308491230011,1.364256501197815,1.3603591918945312,1.3631778955459597,0
2021-08-23,1.3625277280807495,1.3625277280807495,1.372005581855774,1.36284339427948,1.36284339427948,0
2021-08-24,1.37247633934021,1.37247633934021,1.3747594356536863,1.3695815801620483,1.372457504272461,0
2021-08-25,1.3725517988204956,1.3725517988204956,1.3742871284484863,1.3699193000793457,1.372777819633484,0
2021-08-26,1.3766520023345947,1.3766520023345947,1.376955270767212,1.3710650205612185,1.3764625787734983,0
2021-08-27,1.3702384233474731,1.3702384233474731,1.3780938386917114,1.3681013584136963,1.3696004152297974,0
2021-08-30,1.3762996196746826,1.3762996196746826,1.3776761293411257,1.3736263513565063,1.3765193223953247,0
2021-08-31,1.376045823097229,1.376045823097229,1.3804336786270142,1.374419331550598,1.376064658164978,0
2021-09-01,1.3753398656845093,1.3753398656845093,1.379824161529541,1.373173713684082,1.3753701448440552,0
2021-09-02,1.3771638870239258,1.3771638870239258,1.3835850954055786,1.376822590827942,1.3774104118347168,0
2021-09-03,1.383680820465088,1.383680820465088,1.387462854385376,1.3819791078567505,1.3837957382202148,0
2021-09-06,1.3859245777130127,1.3859245777130127,1.386001467704773,1.381940841674805,1.3859302997589111,0
2021-09-07,1.3839489221572876,1.3839489221572876,1.3856940269470217,1.3770121335983276,1.3840255737304688,0
2021-09-08,1.3779798746109009,1.3779798746109009,1.379120111465454,1.37285315990448,1.3779798746109009,0
2021-09-09,1.3767657279968262,1.3767657279968262,1.3854061365127563,1.375400424003601,1.3766520023345947,0
2021-09-10,1.3839681148529053,1.3839681148529053,1.3888888359069824,1.3834320306777954,1.3838915824890137,0
2021-09-13,1.3840830326080322,1.3840830326080322,1.3852334022521973,1.3797861337661743,1.3840255737304688,0
2021-09-14,1.3838149309158323,1.3838149309158323,1.3913236856460571,1.383125901222229,1.3841214179992676,0
2021-09-15,1.381024718284607,1.381024718284607,1.385195016860962,1.3793102502822876,1.3808530569076538,0
2021-09-16,1.3848881721496582,1.3848881721496582,1.38504159450531,1.3764625787734983,1.384696364402771,0
2021-09-17,1.3797005414962769,1.3797005414962769,1.3814061880111694,1.3743627071380615,1.3799384832382202,0
2021-09-20,1.3729662895202637,1.3729662895202637,1.3729851245880127,1.3647406101226809,1.3728721141815186,0
2021-09-21,1.366269588470459,1.366269588470459,1.3693565130233765,1.3642191886901855,1.3660643100738523,0
2021-09-22,1.3657469749450684,1.3657469749450684,1.3678019046783447,1.3617855310440063,1.3659336566925049,0
2021-09-23,1.3617113828659058,1.3617113828659058,1.374948501586914,1.3612850904464722,1.3620080947875977,0
2021-09-24,1.3722503185272217,1.3722503185272217,1.373769760131836,1.3659522533416748,1.3721938133239746,0
2021-09-27,1.3669044971466064,1.3669044971466064,1.3728721141815186,1.3659336566925049,1.3669419288635254,0
2021-09-28,1.3701633214950562,1.3701633214950562,1.3717796802520752,1.352539300918579,1.370099425315857,0
2021-09-29,1.354224443435669,1.354224443435669,1.3554543256759644,1.3424079418182373,1.3541511297225952,0
2021-09-30,1.3426424264907837,1.3426424264907837,1.3517167568206787,1.3417415618896484,1.342624306678772,0
2021-10-01,1.346982717514038,1.346982717514038,1.3573493957519531,1.3436344861984253,1.3469645977020264,0
2021-10-04,1.3570915460586548,1.3570915460586548,1.363977313041687,1.353363037109375,1.3570915460586548,0
2021-10-05,1.3607479333877563,1.3607479333877563,1.3650014400482178,1.3585848808288574,1.3607664108276367,0
2021-10-06,1.3627691268920898,1.3627691268920898,1.36314058303833,1.3544628620147705,1.3625648021697998,0
2021-10-07,1.3592127561569214,1.3592127561569214,1.363735556602478,1.357183575630188,1.3592681884765625,0
2021-10-08,1.3620266914367676,1.3620266914367676,1.3653740882873535,1.3584926128387451,1.361952543258667,0
2021-10-11,1.361655831336975,1.361655831336975,1.3674278259277344,1.3612850904464722,1.3618227243423462,0
2021-10-12,1.3590649366378784,1.3590649366378784,1.363735556602478,1.3570362329483032,1.3592866659164429,0
2021-10-13,1.3578838109970093,1.3578838109970093,1.3647592067718506,1.3576995134353638,1.357717990875244,0
2021-10-14,1.366923213005066,1.366923213005066,1.373437762260437,1.3658963441848757,1.3670727014541626,0
2021-10-15,1.3668859004974363,1.3668859004974363,1.377353549003601,1.366867184638977,1.366867184638977,0
2021-10-18,1.376159429550171,1.376159429550171,1.3764055967330933,1.3710838556289673,1.376007914543152,0
2021-10-19,1.373645305633545,1.373645305633545,1.3832004070281982,1.3738150596618652,1.3738150596618652,0
2021-10-20,1.3793197870254517,1.3793197870254517,1.3823610544204712,1.3743247985839844,1.379481554031372,0
2021-10-21,1.3822999000549316,1.3822999000549316,1.383399486541748,1.378720760345459,1.3823610544204712,0
2021-10-22,1.379120111465454,1.379120111465454,1.381425380706787,1.374306082725525,1.379120111465454,0
2021-10-25,1.3762730360031128,1.3762730360031128,1.379177212715149,1.374343752861023,1.3766520023345947,0
2021-10-26,1.37644362449646,1.37644362449646,1.3829537630081177,1.3758186101913452,1.3766140937805176,0
2021-10-27,1.3766140937805176,1.3766140937805176,1.3780368566513062,1.3710838556289673,1.3768415451049805,0
2021-10-28,1.3732868432998655,1.3732868432998655,1.3815207481384275,1.3723068237304688,1.373249053955078,0
2021-10-29,1.380071759223938,1.380071759223938,1.3804528713226318,1.3681762218475342,1.380071759223938,0
2021-11-01,1.36832594871521,1.36832594871521,1.36924409866333,1.364237904548645,1.3686443567276,0
2021-11-02,1.365541934967041,1.365541934967041,1.3667176961898804,1.3610812425613403,1.3659336566925049,0
2021-11-03,1.3617392778396606,1.3617392778396606,1.3664562702178955,1.361136794090271,1.361748456954956,0
2021-11-04,1.3694878816604614,1.3694878816604614,1.3694690465927124,1.347320318222046,1.3693565130233765,0
2021-11-05,1.3508602380752563,1.3508602380752563,1.3509862422943115,1.342588186264038,1.3509496450424194,0
2021-11-08,1.349127173423767,1.349127173423767,1.3579760789871216,1.345188856124878,1.3489633798599243,0
2021-11-09,1.3564507961273191,1.3564507961273191,1.360544204711914,1.352630853652954,1.35637366771698,0
2021-11-10,1.3560001850128174,1.3560001850128174,1.3566679954528809,1.3468376398086548,1.35609769821167,0
2021-11-11,1.3412736654281616,1.3412736654281616,1.343273639678955,1.3370234966278076,1.3412736654281616,0
2021-11-12,1.3366482257843018,1.3366482257843018,1.3422818183898926,1.33539879322052,1.3367197513580322,0
2021-11-15,1.341705560684204,1.341705560684204,1.3449536561965942,1.3403927087783811,1.341687560081482,0
2021-11-16,1.3408420085906982,1.3408420085906982,1.3473457098007202,1.3410937786102295,1.3410937786102295,0
2021-11-17,1.3424620628356934,1.3424620628356934,1.349017858505249,1.3402670621871948,1.342426061630249,0
2021-11-18,1.34916353225708,1.34916353225708,1.3513896465301514,1.3465402126312256,1.3489633798599243,0
2021-11-19,1.3499648571014404,1.3499648571014404,1.3509862422943115,1.3408420085906982,1.349837303161621,0
2021-11-22,1.3434540033340454,1.3434540033340454,1.3449898958206177,1.3392258882522583,1.343360185623169,0
2021-11-23,1.3397642374038696,1.3397642374038696,1.3408420085906982,1.3344186544418335,1.3397642374038696,0
2021-11-24,1.337595820426941,1.337595820426941,1.3389748334884644,1.332480549812317,1.3375779390335083,0
2021-11-25,1.333066701889038,1.333066701889038,1.3353006839752195,1.330654263496399,1.3331022262573242,0
2021-11-26,1.331416130065918,1.331416130065918,1.3348461389541626,1.328056573867798,1.3313452005386353,0
2021-11-29,1.334098219871521,1.334098219871521,1.336308836936951,1.32902729511261,1.3339558839797974,0
2021-11-30,1.3315047025680542,1.3315047025680542,1.3369340896606443,1.3206201791763306,1.3316643238067627,0
2021-12-01,1.3295927047729492,1.3295927047729492,1.3351134061813354,1.3277214765548706,1.3295927047729492,0
2021-12-02,1.3280000686645508,1.3280000686645508,1.3332622051239014,1.3272457122802734,1.3279330730438232,0
2021-12-03,1.3299994468688965,1.3299994468688965,1.3308136463165283,1.321143627166748,1.3300702571868896,0
2021-12-06,1.3237318992614746,1.3237318992614746,1.3285505771636963,1.322383999824524,1.323293924331665,0
2021-12-07,1.326435923576355,1.326435923576355,1.3289742469787598,1.3210563659667969,1.3264182806015017,0
2021-12-08,1.3246086835861206,1.3246086835861206,1.326259970664978,1.3174710273742676,1.3248542547225952,0
2021-12-09,1.3210039138793943,1.3210039138793943,1.3217023611068726,1.317627191543579,1.3210039138793943,0
2021-12-10,1.3224014043807983,1.3224014043807983,1.3271048069000244,1.319087266921997,1.3224889039993286,0
2021-12-13,1.3257148265838623,1.3257148265838623,1.3268758058547974,1.3222440481185913,1.3258028030395508,0
2021-12-14,1.3213530778884888,1.3213530778884888,1.325556755065918,1.319087266921997,1.3213355541229248,0
2021-12-15,1.323050618171692,1.323050618171692,1.328285813331604,1.3208119869232178,1.3231364488601685,0
2021-12-16,1.3263126611709597,1.3263126611709597,1.337327480316162,1.324310302734375,1.326400637626648,0
2021-12-17,1.3323739767074585,1.3323739767074585,1.3340448141098022,1.3257676362991333,1.3324273824691772,0
2021-12-20,1.3229438066482544,1.3229438066482544,1.3243454694747925,1.317401647567749,1.3229963779449463,0
2021-12-21,1.3210004568099976,1.3210004568099976,1.326119303703308,1.3199751377105713,1.32098650932312,0
2021-12-22,1.3269639015197754,1.3269639015197754,1.3362374305725098,1.3241350650787354,1.3269991874694824,0
2021-12-23,1.3352025747299194,1.3352025747299194,1.3437248468399048,1.334507703781128,1.3352025747299194,0
2021-12-24,1.3406623601913452,1.3406623601913452,1.342570185661316,1.3394052982330322,1.3409138917922974,0
2021-12-27,1.3404303789138794,1.3404303789138794,1.3440697193145752,1.3392258882522583,1.340520262718201,0
2021-12-28,1.344266653060913,1.344266653060913,1.3462574481964111,1.3418315649032593,1.3444474935531616,0
2021-12-29,1.3433277606964111,1.3433277606964111,1.3499284982681274,1.3409138917922974,1.3433998823165894,0
2021-12-30,1.349879264831543,1.349879264831543,1.352155327796936,1.345532774925232,1.3497644662857056,0
2021-12-31,1.349837303161621,1.349837303161621,1.3548483848571775,1.3467469215393066,1.349892020225525,0
2022-01-03,1.3522284030914309,1.3522284030914309,1.353179931640625,1.343273639678955,1.3522284030914309,0
2022-01-04,1.3483266830444336,1.3483266830444336,1.3556748628616333,1.3460761308670044,1.3482794761657717,0
2022-01-05,1.353143334388733,1.353143334388733,1.3573309183120728,1.3522651195526123,1.353051781654358,0
2022-01-06,1.3555645942687988,1.3555645942687988,1.3557482957839966,1.3491089344024658,1.355546236038208,0
2022-01-07,1.353363037109375,1.353363037109375,1.3583449125289917,1.3529419898986816,1.3533997535705566,0
2022-01-10,1.3592311143875122,1.3592311143875122,1.3601926565170288,1.353417992591858,1.3590834140777588,0
2022-01-11,1.3580313920974731,1.3580313920974731,1.362416386604309,1.3562816381454468,1.3581697940826416,0
2022-01-12,1.3633265495300293,1.3633265495300293,1.3699380159378052,1.362212300300598,1.3634008169174194,0
2022-01-13,1.3709993362426758,1.3709993362426758,1.374948501586914,1.37055766582489,1.3706891536712646,0
2022-01-14,1.3713659048080444,1.3713659048080444,1.374192714691162,1.3667699098587036,1.371290683746338,0
2022-01-17,1.367353081703186,1.367353081703186,1.3688992261886597,1.3638657331466677,1.367353081703186,0
2022-01-18,1.364800214767456,1.364800214767456,1.366120219230652,1.3576257228851318,1.364800214767456,0
2022-01-19,1.3600261211395264,1.3600261211395264,1.36481511592865,1.3589357137680054,1.3600815534591677,0
2022-01-20,1.360858917236328,1.360858917236328,1.3661575317382812,1.3601555824279783,1.360951542854309,0
2022-01-21,1.359767198562622,1.359767198562622,1.3603591918945312,1.3547565937042236,1.3600261211395264,0
2022-01-24,1.3555830717086792,1.3555830717086792,1.3566679954528809,1.3443028926849363,1.3554911613464355,0
2022-01-25,1.3489269018173218,1.3489269018173218,1.3500559329986572,1.343706727027893,1.348981499671936,0
2022-01-26,1.3510775566101074,1.3510775566101074,1.3524478673934937,1.3494184017181396,1.351040959358215,0
2022-01-27,1.3468012809753418,1.3468012809753418,1.34678316116333,1.3360588550567627,1.34678316116333,0
2022-01-28,1.3388315439224243,1.3388315439224243,1.3432012796401978,1.3365589380264282,1.338849425315857,0
2022-01-31,1.3403388261795044,1.3403388261795044,1.3454241752624512,1.3395309448242188,1.3402130603790283,0
2022-02-01,1.3445378541946411,1.3445378541946411,1.3514060974121094,1.3435803651809692,1.344266653060913,0
2022-02-02,1.352539300918579,1.352539300918579,1.3584926128387451,1.3517167568206787,1.3523930311203003,0
2022-02-03,1.3565024137496948,1.3565024137496948,1.3625463247299194,1.3539128303527832,1.3564472198486328,0
2022-02-04,1.359841227531433,1.359841227531433,1.361655831336975,1.3508037328720093,1.359619379043579,0
2022-02-07,1.3533447980880735,1.3533447980880735,1.3550318479537964,1.3491816520690918,1.353363037109375,0
2022-02-08,1.353780746459961,1.353780746459961,1.3566679954528809,1.3509862422943115,1.3538395166397097,0
2022-02-09,1.3547565937042236,1.3547565937042236,1.3588248491287231,1.3538211584091189,1.3548115491867063,0
2022-02-10,1.3533265590667725,1.3533265590667725,1.3643310070037842,1.352539300918579,1.3533997535705566,0
2022-02-11,1.3551788330078125,1.3551788330078125,1.360877513885498,1.3515340089797974,1.354976773262024,0
2022-02-14,1.3569625616073608,1.3569625616073608,1.3572204113006592,1.349582314491272,1.3570178747177124,0
2022-02-15,1.3532898426055908,1.3532898426055908,1.3566864728927612,1.349017858505249,1.3533265590667725,0
2022-02-16,1.3541145324707031,1.3541145324707031,1.358991026878357,1.3539128303527832,1.3541145324707031,0
2022-02-17,1.3584926128387451,1.3584926128387451,1.3636425733566284,1.3558034896850586,1.3582342863082886,0
2022-02-18,1.3618782758712769,1.3618782758712769,1.3640704154968262,1.357441544532776,1.361544489860535,0
2022-02-21,1.359342098236084,1.359342098236084,1.3638285398483276,1.3587141036987305,1.3591794967651367,0
2022-02-22,1.3596007823944092,1.3596007823944092,1.360544204711914,1.3540045022964478,1.3595268726348877,0
2022-02-23,1.3589357137680054,1.3589357137680054,1.361952543258667,1.354921817779541,1.3590834140777588,0
2022-02-24,1.3545730113983154,1.3545730113983154,1.3547382354736328,1.3275980949401855,1.3544628620147705,0
2022-02-25,1.337327480316162,1.337327480316162,1.3439054489135742,1.3368983268737793,1.3372201919555664,0
2022-02-28,1.337327480316162,1.337327480316162,1.343111276626587,1.3342584371566772,1.337005615234375,0
2022-03-01,1.3422818183898926,1.3422818183898926,1.3437248468399048,1.3312033414840698,1.3422818183898926,0
2022-03-02,1.3335111141204834,1.3335111141204834,1.337095022201538,1.327404260635376,1.3333333730697632,0
2022-03-03,1.33969247341156,1.33969247341156,1.341795563697815,1.3320368528366089,1.3397282361984253,0
2022-03-04,1.3350956439971924,1.3350956439971924,1.335131287574768,1.320533037185669,1.335131287574768,0
2022-03-07,1.3212482929229736,1.3212482929229736,1.3225939273834229,1.3103927373886108,1.3212482929229736,0
2022-03-08,1.311229586601257,1.311229586601257,1.3142850399017334,1.3083696365356443,1.3114066123962402,0
2022-03-09,1.3099292516708374,1.3099292516708374,1.318235158920288,1.3099292516708374,1.3102554082870483,0
2022-03-10,1.3185653686523438,1.3185653686523438,1.3194701671600342,1.3107362985610962,1.3188437223434448,0
2022-03-11,1.3103240728378296,1.3103240728378296,1.312490940093994,1.3052444458007812,1.3103067874908447,0
2022-03-14,1.3050298690795898,1.3050298690795898,1.3078734874725342,1.3010499477386477,1.304955005645752,0
2022-03-15,1.3011853694915771,1.3011853694915771,1.308866262435913,1.3001364469528198,1.30108380317688,0
2022-03-16,1.304648518562317,1.304648518562317,1.3114409446716309,1.3036619424819946,1.3045003414154053,0
2022-03-17,1.3141123056411743,1.3141123056411743,1.3211086988449097,1.3089518547058103,1.314077615737915,0
2022-03-18,1.3160406351089478,1.3160406351089478,1.31816565990448,1.3112002611160278,1.3160492181777954,0
2022-03-21,1.316083908081055,1.316083908081055,1.32098650932312,1.3128355741500854,1.3160665035247805,0
2022-03-22,1.3168290853500366,1.3168290853500366,1.3272457122802734,1.3120949268341064,1.3167943954467771,0
2022-03-23,1.3266470432281494,1.3266470432281494,1.3298933506011963,1.317627191543579,1.3269639015197754,0
2022-03-24,1.3206027746200562,1.3206027746200562,1.3214752674102783,1.3157894611358645,1.3206549882888794,0
2022-03-25,1.3195745944976809,1.3195745944976809,1.322558879852295,1.3161704540252686,1.319591999053955,0
2022-03-28,1.317627191543579,1.317627191543579,1.3178876638412476,1.3068649768829346,1.3176966905593872,0
2022-03-29,1.3103584051132202,1.3103584051132202,1.3159279823303225,1.3052273988723757,1.3099979162216189,0
2022-03-30,1.3093804121017456,1.3093804121017456,1.318061351776123,1.3091576099395752,1.3092947006225586,0
2022-03-31,1.3138878345489502,1.3138878345489502,1.3170892000198364,1.3109596967697144,1.313680648803711,0
2022-04-01,1.314699649810791,1.314699649810791,1.3146132230758667,1.308866262435913,1.314578652381897,0
2022-04-04,1.3103755712509155,1.3103755712509155,1.313628911972046,1.3095176219940186,1.3105130195617676,0
2022-04-05,1.3114582300186155,1.3114582300186155,1.3166903257369995,1.3100494146347046,1.3113033771514893,0
2022-04-06,1.3077365159988403,1.3077365159988403,1.3106846809387207,1.304665446281433,1.3076339960098269,0
2022-04-07,1.307206630706787,1.307206630706787,1.3106675148010254,1.305500030517578,1.307172417640686,0
2022-04-08,1.3069332838058472,1.3069332838058472,1.3078734874725342,1.298482060432434,1.3068649768829346,0
2022-04-11,1.303220272064209,1.303220272064209,1.3057557344436646,1.2989881038665771,1.3029484748840332,0
2022-04-12,1.3024225234985352,1.3024225234985352,1.3053637742996216,1.2996971607208252,1.3023545742034912,0
2022-04-13,1.3002548217773438,1.3002548217773438,1.3071553707122805,1.29743754863739,1.300349473953247,0
2022-04-14,1.312026023864746,1.312026023864746,1.3147515058517456,1.3038150072097778,1.3122154474258425,0
2022-04-15,1.3070015907287598,1.3070015907287598,1.3076680898666382,1.3052785396575928,1.306165099143982,0
2022-04-18,1.3057557344436646,1.3057557344436646,1.30577290058136,1.3007960319519043,1.30577290058136,0
2022-04-19,1.3009822368621826,1.3009822368621826,1.3039849996566772,1.2983304262161257,1.3007622957229614,0
2022-04-20,1.301371693611145,1.301371693611145,1.3066771030426023,1.2997984886169434,1.301574945449829,0
2022-04-21,1.3068820238113403,1.3068820238113403,1.308832049369812,1.3024225234985352,1.3068137168884275,0
2022-04-22,1.302626132965088,1.302626132965088,1.303373098373413,1.2840760946273804,1.302405595779419,0
2022-04-25,1.2830876111984253,1.2830876111984253,1.2829724550247192,1.269905686378479,1.2829065322875977,0
2022-04-26,1.2739989757537842,1.2739989757537842,1.2772371768951416,1.261304497718811,1.2737231254577637,0
2022-04-27,1.2583998441696167,1.2583998441696167,1.2600805759429932,1.2503907680511477,1.258447289466858,0
2022-04-28,1.2541857957839966,1.2541857957839966,1.2566760778427124,1.2414032220840454,1.2539657354354858,0
2022-04-29,1.2463854551315308,1.2463854551315308,1.258352279663086,1.2467273473739624,1.2468050718307495,0
2022-05-02,1.2573871612548828,1.2573871612548828,1.2596362829208374,1.2505314350128174,1.257379174232483,0
2022-05-03,1.249828219413757,1.249828219413757,1.2566444873809814,1.2493799924850464,1.2501094341278076,0
2022-05-04,1.2500405311584473,1.2500405311584473,1.2537612915039062,1.246742844581604,1.2499375343322754,0
2022-05-05,1.261813759803772,1.261813759803772,1.2631685733795166,1.2327568531036377,1.2618932723999023,0
2022-05-06,1.2364147901535034,1.2364147901535034,1.2380222082138062,1.2277697324752808,1.236644268035889,0
2022-05-09,1.2326656579971311,1.2326656579971311,1.240494728088379,1.2262115478515625,1.2328935861587524,0
2022-05-10,1.2338824272155762,1.2338824272155762,1.237470626831055,1.2293771505355835,1.2334866523742676,0
2022-05-11,1.2309207916259766,1.2309207916259766,1.239802598953247,1.228199481964111,1.230754017829895,0
2022-05-12,1.2234212160110474,1.2234212160110474,1.224814772605896,1.2171372175216677,1.223466157913208,0
2022-05-13,1.220613718032837,1.220613718032837,1.2245148420333862,1.2157167196273804,1.2204350233078003,0
2022-05-16,1.2258507013320925,1.2258507013320925,1.2297248840332031,1.2218962907791138,1.2261513471603394,0
2022-05-17,1.2324832677841189,1.2324832677841189,1.2498124837875366,1.2322099208831787,1.2327111959457395,0
2022-05-18,1.2484394311904907,1.2484394311904907,1.2500624656677246,1.237424612045288,1.2490476369857788,0
2022-05-19,1.2345831394195557,1.2345831394195557,1.2522697448730469,1.2340651750564575,1.234766125679016,0
2022-05-20,1.2462146282196045,1.2462146282196045,1.2498750686645508,1.243966817855835,1.2465564012527466,0
2022-05-23,1.2504063844680786,1.2504063844680786,1.2601124048233032,1.2501249313354492,1.250687837600708,0
2022-05-24,1.256754994392395,1.256754994392395,1.2596838474273682,1.2472715377807615,1.2567708492279053,0
2022-05-25,1.2542959451675415,1.2542959451675415,1.2557923793792725,1.2484238147735596,1.2541544437408447,0
2022-05-26,1.258610486984253,1.258610486984253,1.262116312980652,1.2553036212921145,1.2587007284164429,0
2022-05-27,1.261734127998352,1.261734127998352,1.2666244506835938,1.2587165832519531,1.2618615627288818,0
2022-05-30,1.262833595275879,1.262833595275879,1.26603102684021,1.261765956878662,1.2625147104263306,0
2022-05-31,1.264702081680298,1.264702081680298,1.2648460865020752,1.2562499046325684,1.2645262479782104,0
2022-06-01,1.2608909606933594,1.2608909606933594,1.2616863250732422,1.246012806892395,1.2609704732894895,0
2022-06-02,1.2483147382736206,1.2483147382736206,1.256960391998291,1.2470382452011108,1.2484238147735596,0
2022-06-03,1.2579249143600464,1.2579249143600464,1.259001851081848,1.24945330619812,1.2577824592590332,0
2022-06-06,1.249230146408081,1.249230146408081,1.257703423500061,1.2479876279830933,1.2488292455673218,0
2022-06-07,1.2523481845855713,1.2523481845855713,1.2594457864761353,1.243440866470337,1.25231671333313,0
2022-06-08,1.2587324380874634,1.2587324380874634,1.258985996246338,1.2515017986297607,1.258605718612671,0
2022-06-09,1.254028558731079,1.254028558731079,1.2553982734680176,1.249297261238098,1.254217267036438,0
2022-06-10,1.249297261238098,1.249297261238098,1.2518151998519895,1.2315573692321775,1.2493752241134644,0
2022-06-13,1.2274909019470217,1.2274909019470217,1.23001229763031,1.2127680778503418,1.2278074026107788,0
2022-06-14,1.2144765853881836,1.2144765853881836,1.220271110534668,1.199256420135498,1.2144027948379517,0
2022-06-15,1.201258897781372,1.201258897781372,1.2125327587127686,1.1992132663726809,1.201345443725586,0
2022-06-16,1.2174336910247805,1.2174336910247805,1.2344917058944702,1.205036997795105,1.218145489692688,0
2022-06-17,1.2354830503463743,1.2354830503463743,1.2350252866744995,1.217404007911682,1.2350252866744995,0
2022-06-20,1.2228227853775024,1.2228227853775024,1.2277772426605225,1.2200626134872437,1.2228227853775024,0
2022-06-21,1.225174903869629,1.225174903869629,1.2319215536117554,1.224919676780701,1.225009799003601,0
2022-06-22,1.2266627550125122,1.2266627550125122,1.23146653175354,1.2168558835983276,1.2264070510864258,0
2022-06-23,1.225084900856018,1.225084900856018,1.2294678688049316,1.2171818017959597,1.2253249883651731,0
2022-06-24,1.2260762453079224,1.2260762453079224,1.2316787242889404,1.224349856376648,1.2261964082717896,0
2022-06-27,1.228244662284851,1.228244662284851,1.2330759763717651,1.2239753007888794,1.2288031578063965,0
2022-06-28,1.2267379760742188,1.2267379760742188,1.2291052341461182,1.218769073486328,1.2267531156539917,0
2022-06-29,1.218976974487305,1.218976974487305,1.2212249040603638,1.2106831073760986,1.218635320663452,0
2022-06-30,1.2131799459457395,1.2131799459457395,1.218620538711548,1.209438443183899,1.213106393814087,0
2022-07-01,1.2160863876342771,1.2160863876342771,1.2162047624588013,1.198063850402832,1.2159976959228516,0
2022-07-04,1.2102727890014648,1.2102727890014648,1.2165154218673706,1.2086344957351685,1.2105804681777954,0
2022-07-05,1.211445689201355,1.211445689201355,1.2126061916351318,1.1900511980056765,1.2114017009735107,0
2022-07-06,1.19491446018219,1.19491446018219,1.1986383199691772,1.187761306762695,1.194957256317139,0
2022-07-07,1.1923214197158811,1.1923214197158811,1.2021831274032593,1.1910008192062378,1.1918951272964478,0
2022-07-08,1.2028049230575562,1.2028049230575562,1.2055310010910034,1.1921935081481934,1.2031956911087036,0
2022-07-11,1.2016630172729492,1.2016630172729492,1.2019952535629272,1.1869436502456665,1.2017786502838137,0
2022-07-12,1.1900936365127563,1.1900936365127563,1.191213607788086,1.1811256408691406,1.18999445438385,0
2022-07-13,1.1877753734588623,1.1877753734588623,1.1959433555603027,1.1835299730300903,1.1882693767547607,0
2022-07-14,1.186380386352539,1.186380386352539,1.1884106397628784,1.1763184070587158,1.1861974000930786,0
2022-07-15,1.1839643716812134,1.1839643716812134,1.1873664855957031,1.1805957555770874,1.183866262435913,0
2022-07-18,1.1888344287872314,1.1888344287872314,1.203022003173828,1.187549710273743,1.188792109489441,0
2022-07-19,1.194828748703003,1.194828748703003,1.2042824029922483,1.1929330825805664,1.195071578025818,0
2022-07-20,1.2003505229949951,1.2003505229949951,1.203659176826477,1.195828914642334,1.2004225254058838,0
2022-07-21,1.1971746683120728,1.1971746683120728,1.2002352476119995,1.1893010139465332,1.1966159343719482,0
2022-07-22,1.1996161937713623,1.1996161937713623,1.2064181566238403,1.1920230388641355,1.1996880769729614,0
2022-07-25,1.1986957788467407,1.1986957788467407,1.208313226699829,1.1962151527404783,1.198422908782959,0
2022-07-26,1.2055164575576782,1.2055164575576782,1.2092190980911257,1.1965444087982178,1.205763578414917,0
2022-07-27,1.2036880254745483,1.2036880254745483,1.2086637020111084,1.2022265195846558,1.203818440437317,0
2022-07-28,1.2163082361221311,1.2163082361221311,1.2190513610839844,1.2104486227035522,1.216663479804993,0
2022-07-29,1.2173447608947754,1.2173447608947754,1.224259853363037,1.2067092657089231,1.2174484729766846,0
2022-08-01,1.2167373895645142,1.2167373895645142,1.2291958332061768,1.2164857387542725,1.2167818546295166,0
2022-08-02,1.2254151105880735,1.2254151105880735,1.2278375625610352,1.218175172805786,1.2259559631347656,0
2022-08-03,1.214299559593201,1.214299559593201,1.2207329273223877,1.2101556062698364,1.214786410331726,0
2022-08-04,1.2138278484344482,1.2138278484344482,1.2195122241973877,1.2071754932403564,1.2139458656311035,0
2022-08-05,1.215849757194519,1.215849757194519,1.2167521715164185,1.2007685899734497,1.21592378616333,0
2022-08-08,1.2059526443481443,1.2059526443481443,1.2135186195373535,1.2048628330230713,1.20638906955719,0
2022-08-09,1.208473801612854,1.208473801612854,1.2129298448562622,1.2068257331848145,1.208503007888794,0
2022-08-10,1.207423210144043,1.207423210144043,1.2274457216262815,1.206723928451538,1.2072628736495972,0
2022-08-11,1.2212995290756226,1.2212995290756226,1.2248897552490234,1.2182939052581787,1.2212845087051392,0
2022-08-12,1.2196162939071655,1.2196162939071655,1.2210012674331665,1.2103606462478638,1.219660997390747,0
2022-08-15,1.2127974033355713,1.2127974033355713,1.2147716283798218,1.2051241397857666,1.2129886150360107,0
2022-08-16,1.205690860748291,1.205690860748291,1.2116365432739258,1.200941562652588,1.2055600881576538,0
2022-08-17,1.209818959236145,1.209818959236145,1.2138131856918335,1.2029930353164673,1.2096725702285769,0
2022-08-18,1.2045146226882937,1.2045146226882937,1.2078169584274292,1.196888089179993,1.2045869827270508,0
2022-08-19,1.193274736404419,1.193274736404419,1.1933743953704834,1.179328680038452,1.1933743953704834,0
2022-08-22,1.1818095445632937,1.1818095445632937,1.1838523149490356,1.1742602586746216,1.1817677021026611,0
2022-08-23,1.1766505241394043,1.1766505241394043,1.187324047088623,1.172003149986267,1.1767059564590454,0
2022-08-24,1.18327796459198,1.18327796459198,1.1865352392196655,1.1758756637573242,1.1831519603729248,0
2022-08-25,1.1791757345199585,1.1791757345199585,1.1862958669662476,1.178592085838318,1.1790227890014648,0
2022-08-26,1.1824007034301758,1.1824007034301758,1.1900086402893066,1.175309181213379,1.182592272758484,0
2022-08-29,1.1694538593292236,1.1694538593292236,1.1742602586746216,1.164958119392395,1.169180393218994,0
2022-08-30,1.172250509262085,1.172250509262085,1.1758065223693848,1.162304162979126,1.1721267700195312,0
2022-08-31,1.1659767627716064,1.1659767627716064,1.1694538593292236,1.1600254774093628,1.1660856008529663,0
2022-09-01,1.1598505973815918,1.1598505973815918,1.1617100238800049,1.150324463844299,1.15968918800354,0
2022-09-02,1.154894471168518,1.154894471168518,1.1588560342788696,1.1531364917755127,1.1547343730926514,0
2022-09-05,1.1474601030349731,1.1474601030349731,1.1520737409591677,1.1445183753967283,1.1478551626205444,0
2022-09-06,1.156644344329834,1.156644344329834,1.1607661247253418,1.1496235132217407,1.1568851470947266,0
2022-09-07,1.151185154914856,1.151185154914856,1.152365803718567,1.1409533023834229,1.1512778997421265,0
2022-09-08,1.1519808769226074,1.1519808769226074,1.1560158729553225,1.1461580991744995,1.152246356010437,0
2022-09-09,1.1521600484848022,1.1521600484848022,1.1648629903793335,1.1516624689102173,1.1520471572875977,0
2022-09-12,1.16193950176239,1.16193950176239,1.171124815940857,1.1601735353469849,1.1618045568466189,0
2022-09-13,1.1689754724502563,1.1689754724502563,1.1737639904022217,1.1520339250564575,1.1689754724502563,0
2022-09-14,1.1506155729293823,1.1506155729293823,1.1589365005493164,1.1480792760849,1.15035080909729,0
2022-09-15,1.1544944047927856,1.1544944047927856,1.1548677682876587,1.1469862461090088,1.154294490814209,0
2022-09-16,1.1452654600143433,1.1452654600143433,1.148066163063049,1.1352670192718506,1.1454753875732422,0
2022-09-19,1.1433144807815552,1.1433144807815552,1.144164800643921,1.1355764865875244,1.1436413526535034,0
2022-09-20,1.1443217992782593,1.1443217992782593,1.1460398435592651,1.1383945941925049,1.1448458433151243,0
2022-09-21,1.138057827949524,1.138057827949524,1.1385631561279297,1.1306205987930298,1.1380707025527954,0
2022-09-22,1.1255937814712524,1.1255937814712524,1.1362861394882202,1.1213151216506958,1.125517725944519,0
2022-09-23,1.126417875289917,1.126417875289917,1.127344846725464,1.089858889579773,1.1263036727905271,0
2022-09-26,1.0797386169433594,1.0797386169433594,1.091560125350952,1.0379042625427246,1.07991361618042,0
2022-09-27,1.077284336090088,1.077284336090088,1.0835410356521606,1.0738486051559448,1.0770059823989868,0
2022-09-28,1.072754144668579,1.072754144668579,1.0839638710021973,1.054162859916687,1.072846293449402,0
2022-09-29,1.0835996866226196,1.0835996866226196,1.1065618991851809,1.0764493942260742,1.0834587812423706,0
2022-09-30,1.1169440746307373,1.1169440746307373,1.1233935356140137,1.1026816368103027,1.116183519363403,0
2022-10-03,1.114057183265686,1.114057183265686,1.1332343816757202,1.108794927597046,1.1136478185653689,0
2022-10-04,1.1334141492843628,1.1334141492843628,1.1445969343185425,1.1282224655151367,1.1339668035507202,0
2022-10-05,1.1451343297958374,1.1451343297958374,1.149491310119629,1.1227755546569824,1.145055651664734,0
2022-10-06,1.13553786277771,1.13553786277771,1.1383427381515503,1.1120378971099854,1.135589361190796,0
2022-10-07,1.1162084341049194,1.1162084341049194,1.122372269630432,1.1092008352279663,1.1165200471878052,0
2022-10-10,1.1072726249694824,1.1072726249694824,1.111086368560791,1.102353572845459,1.107444167137146,0
2022-10-11,1.107640504837036,1.107640504837036,1.117131233215332,1.1001826524734497,1.10784912109375,0
2022-10-12,1.0967799425125122,1.0967799425125122,1.109865665435791,1.0926454067230225,1.0967799425125122,0
2022-10-13,1.11055588722229,1.11055588722229,1.1361957788467407,1.1058276891708374,1.1099271774291992,0
2022-10-14,1.1303905248641968,1.1303905248641968,1.1358731985092163,1.1161960363388062,1.1301478147506714,0
2022-10-17,1.124416708946228,1.124416708946228,1.1438636779785156,1.1217050552368164,1.1238733530044556,0
2022-10-18,1.1353960037231443,1.1353960037231443,1.1412007808685305,1.1258091926574707,1.135524868965149,0
2022-10-19,1.134429931640625,1.134429931640625,1.1349835395812988,1.122246265411377,1.1339540481567385,0
2022-10-20,1.1211013793945312,1.1211013793945312,1.1333242654800415,1.1173683404922483,1.1209505796432495,0
2022-10-21,1.1221455335617063,1.1221455335617063,1.1293182373046875,1.106378197669983,1.122536063194275,0
2022-10-24,1.1344685554504397,1.1344685554504397,1.1379801034927368,1.127484679222107,1.1336454153060913,0
2022-10-25,1.1307740211486816,1.1307740211486816,1.1499539613723757,1.1273703575134275,1.1305439472198486,0
2022-10-26,1.146223783493042,1.146223783493042,1.162358283996582,1.1434190273284912,1.1460660696029663,0
2022-10-27,1.1638191938400269,1.1638191938400269,1.16441547870636,1.1550945043563845,1.1633453369140625,0
2022-10-28,1.1566041707992554,1.1566041707992554,1.1600120067596436,1.1506155729293823,1.156738042831421,0
2022-10-31,1.159595012664795,1.159595012664795,1.1613322496414185,1.1479870080947876,1.1600793600082395,0
2022-11-01,1.146815299987793,1.146815299987793,1.1565239429473877,1.1446754932403564,1.1471836566925049,0
2022-11-02,1.1489498615264893,1.1489498615264893,1.152737736701965,1.1458560228347778,1.1492139101028442,0
2022-11-03,1.1384334564208984,1.1384334564208984,1.1421784162521362,1.1162582635879517,1.1382261514663696,0
2022-11-04,1.1171187162399292,1.1171187162399292,1.133375644683838,1.1163331270217896,1.1170812845230105,0
2022-11-07,1.1331573724746704,1.1331573724746704,1.148316502571106,1.1295350790023804,1.1337867975234983,0
2022-11-08,1.1517950296401978,1.1517950296401978,1.1597565412521362,1.1431314945220947,1.1513441801071167,0
2022-11-09,1.1552680730819702,1.1552680730819702,1.1566845178604126,1.1359248161315918,1.1548811197280884,0
2022-11-10,1.1368157863616943,1.1368157863616943,1.1682789325714111,1.1365057229995728,1.1369062662124634,0
2022-11-11,1.1695632934570312,1.1695632934570312,1.1799967288970947,1.164890170097351,1.1699190139770508,0
2022-11-14,1.1799131631851196,1.1799131631851196,1.182829976081848,1.1711933612823486,1.179746150970459,0
2022-11-15,1.175249695777893,1.175249695777893,1.200408101081848,1.1742877960205078,1.1752538681030271,0
2022-11-16,1.1880435943603516,1.1880435943603516,1.1941438913345337,1.183249831199646,1.1881141662597656,0
2022-11-17,1.191525936126709,1.191525936126709,1.1955716609954834,1.1764705181121826,1.1918951272964478,0
2022-11-18,1.1860145330429075,1.1860145330429075,1.1950000524520874,1.1859301328659058,1.1859441995620728,0
2022-11-21,1.1886366605758667,1.1886366605758667,1.1887637376785278,1.178050518035889,1.1886649131774902,0
2022-11-22,1.1827600002288818,1.1827600002288818,1.1902211904525757,1.1823126077651978,1.1824523210525513,0
2022-11-23,1.1894567012786863,1.1894567012786863,1.207831621170044,1.1873382329940796,1.1898953914642334,0
2022-11-24,1.2073503732681274,1.2073503732681274,1.2154213190078735,1.2060543298721311,1.2078461647033691,0
2022-11-25,1.2113430500030518,1.2113430500030518,1.2130005359649658,1.2061853408813477,1.2110203504562378,0
2022-11-28,1.2054728269577026,1.2054728269577026,1.211798071861267,1.2022699117660522,1.2060543298721311,0
2022-11-29,1.1960291862487793,1.1960291862487793,1.2063744068145752,1.1954858303070068,1.1963152885437012,0
2022-11-30,1.1946860551834106,1.1946860551834106,1.202747106552124,1.1903769969940186,1.19438636302948,0
2022-12-01,1.207749843597412,1.207749843597412,1.2296946048736572,1.2073649168014526,1.2075544595718384,0
2022-12-02,1.2259259223937988,1.2259259223937988,1.229649305343628,1.213916301727295,1.2254451513290403,0
2022-12-05,1.2297248840332031,1.2297248840332031,1.2344764471054075,1.2165449857711792,1.229755163192749,0
2022-12-06,1.2192445993423462,1.2192445993423462,1.2263318300247192,1.215894103050232,1.2193634510040283,0
2022-12-07,1.213300704956055,1.213300704956055,1.2223743200302124,1.210785746574402,1.213386058807373,0
2022-12-08,1.2212398052215576,1.2212398052215576,1.2246646881103516,1.2156428098678589,1.221344232559204,0
2022-12-09,1.2236007452011108,1.2236007452011108,1.2323466539382937,1.2222847938537598,1.223481059074402,0
2022-12-12,1.2239153385162354,1.2239153385162354,1.23001229763031,1.221344232559204,1.2236756086349487,0
2022-12-13,1.2270842790603638,1.2270842790603638,1.244152545928955,1.225144863128662,1.2270089387893677,0
2022-12-14,1.235666275024414,1.235666275024414,1.2422051429748535,1.2343850135803225,1.235559344291687,0
2022-12-15,1.2419428825378418,1.2419428825378418,1.2425447702407837,1.2204350233078003,1.2419275045394895,0
2022-12-16,1.2189176082611084,1.2189176082611084,1.2222548723220823,1.2122387886047363,1.2191256284713743,0
2022-12-19,1.2160272598266602,1.2160272598266602,1.224155068397522,1.212341547012329,1.216071605682373,0
2022-12-20,1.2153326272964478,1.2153326272964478,1.221926212310791,1.2086929082870483,1.2156000137329102,0
2022-12-21,1.2189176082611084,1.2189176082611084,1.2190364599227903,1.2071025371551514,1.2189176082611084,0
2022-12-22,1.2077397108078003,1.2077397108078003,1.214624047279358,1.1994291543960571,1.207729458808899,0
2022-12-23,1.203992486000061,1.203992486000061,1.2090144157409668,1.2020530700683594,1.2038909196853638,0
2022-12-27,1.208415389060974,1.208415389060974,1.2112256288528442,1.2003360986709597,1.2083569765090942,0
2022-12-28,1.2027326822280884,1.2027326822280884,1.212415099143982,1.2003360986709597,1.2027760744094849,0
2022-12-29,1.2028483152389526,1.2028483152389526,1.2075835466384888,1.201547622680664,1.2032970190048218,0
2022-12-30,1.2056326866149902,1.2056326866149902,1.2106831073760986,1.2012734413146973,1.2056617736816406,0
2023-01-02,1.2120330333709717,1.2120330333709717,1.212341547012329,1.2037605047225952,1.212018370628357,0
2023-01-03,1.206287145614624,1.206287145614624,1.208999752998352,1.1903769969940186,1.2064036130905151,0
2023-01-04,1.1969740390777588,1.1969740390777588,1.2086637020111084,1.1967735290527344,1.1967735290527344,0
2023-01-05,1.2057054042816162,1.2057054042816162,1.2078169584274292,1.1878036260604858,1.205269455909729,0
2023-01-06,1.1912277936935425,1.1912277936935425,1.206752896308899,1.1844552755355835,1.1910291910171509,0
2023-01-09,1.2116365432739258,1.2116365432739258,1.2207329273223877,1.2095261812210083,1.2120771408081057,0
2023-01-10,1.2184869050979614,1.2184869050979614,1.219809651374817,1.2112549543380735,1.2184720039367676,0
2023-01-11,1.2154507637023926,1.2154507637023926,1.2177894115447998,1.210184931755066,1.2154507637023926,0
2023-01-12,1.215953350067139,1.215953350067139,1.2237355709075928,1.2097164392471311,1.216012477874756,0
2023-01-13,1.2217769622802734,1.2217769622802734,1.2246947288513184,1.2151849269866943,1.2216426134109497,0
2023-01-16,1.2226732969284058,1.2226732969284058,1.2288635969161987,1.2174336910247805,1.2224639654159546,0
2023-01-17,1.2207776308059692,1.2207776308059692,1.2299820184707642,1.2170631885528564,1.2208819389343262,0
2023-01-18,1.228471040725708,1.228471040725708,1.2433171272277832,1.225655436515808,1.228365421295166,0
2023-01-19,1.234766125679016,1.234766125679016,1.2375471591949463,1.2313905954360962,1.2346745729446411,0
2023-01-20,1.239326238632202,1.239326238632202,1.2399994134902954,1.2336541414260864,1.2392034530639648,0
2023-01-23,1.240633249282837,1.240633249282837,1.244926929473877,1.2324681282043457,1.2407255172729492,0
2023-01-24,1.2379761934280396,1.2379761934280396,1.2413724660873413,1.2264971733093262,1.237930178642273,0
2023-01-25,1.232923984527588,1.232923984527588,1.2399102449417114,1.228561520576477,1.2332433462142944,0
2023-01-26,1.2412492036819458,1.2412492036819458,1.2430853843688965,1.2345983982086182,1.2411566972732544,0
2023-01-27,1.2415266036987305,1.2415266036987305,1.2419275045394895,1.234811782836914,1.2414957284927368,0
2023-01-30,1.2400301694869995,1.2400301694869995,1.241757869720459,1.236873745918274,1.2401254177093506,0
2023-01-31,1.2353609800338743,1.2353609800338743,1.237011432647705,1.2286370992660522,1.235223650932312,0
2023-02-01,1.2308903932571411,1.2308903932571411,1.2347203493118286,1.2303149700164795,1.2307844161987305,0
2023-02-02,1.2390038967132568,1.2390038967132568,1.2401869297027588,1.2240650653839111,1.2388657331466677,0
2023-02-03,1.222299575805664,1.222299575805664,1.2266175746917725,1.206578254699707,1.222195029258728,0
2023-02-06,1.2045146226882937,1.2045146226882937,1.2078461647033691,1.200638771057129,1.204456448554993,0
2023-02-07,1.2026747465133667,1.2026747465133667,1.206000566482544,1.1963152885437012,1.2027181386947632,0
2023-02-08,1.2054582834243774,1.2054582834243774,1.2110350131988523,1.2039633989334106,1.2054728269577026,0
2023-02-09,1.2071462869644165,1.2071462869644165,1.2192445993423462,1.2057781219482422,1.207292079925537,0
2023-02-10,1.2116806507110596,1.2116806507110596,1.2138426303863523,1.2060399055480957,1.2116659879684448,0
2023-02-13,1.2052258253097534,1.2052258253097534,1.2143733501434326,1.2032536268234253,1.2051241397857666,0
2023-02-14,1.215214490890503,1.215214490890503,1.2257004976272583,1.212106466293335,1.2151259183883667,0
2023-02-15,1.2174336910247805,1.2174336910247805,1.218145489692688,1.1991126537322998,1.2174781560897827,0
2023-02-16,1.2039779424667358,1.2039779424667358,1.207394003868103,1.1967161893844604,1.2041809558868408,0
2023-02-17,1.197533130645752,1.197533130645752,1.203137755393982,1.1916821002960205,1.1974613666534424,0
2023-02-20,1.2029786109924316,1.2029786109924316,1.2056472301483154,1.201547622680664,1.202833890914917,0
2023-02-21,1.2039200067520142,1.2039200067520142,1.214388132095337,1.199126958847046,1.2037171125411987,0
2023-02-22,1.2109322547912598,1.2109322547912598,1.2135627269744873,1.2058508396148682,1.2109909057617188,0
2023-02-23,1.204993486404419,1.204993486404419,1.2075399160385132,1.201345443725586,1.204906344413757,0
2023-02-24,1.2017786502838137,1.2017786502838137,1.204064965248108,1.193146586418152,1.201735258102417,0
2023-02-27,1.1952428817749023,1.1952428817749023,1.205690860748291,1.1923214197158811,1.1951143741607666,0
2023-02-28,1.2061562538146973,1.2061562538146973,1.2142553329467771,1.2027615308761597,1.2063016891479492,0
2023-03-01,1.2033549547195437,1.2033549547195437,1.2088243961334229,1.1966875791549685,1.203137755393982,0
2023-03-02,1.2029930353164673,1.2029930353164673,1.2036300897598269,1.1927623748779297,1.2030364274978638,0
2023-03-03,1.1951572895050049,1.1951572895050049,1.2018797397613523,1.1949286460876465,1.1950429677963257,0
2023-03-06,1.2028483152389526,1.2028483152389526,1.20480477809906,1.1994434595108032,1.203050971031189,0
2023-03-07,1.202645778656006,1.202645778656006,1.2064036130905151,1.1852554082870483,1.2026747465133667,0
2023-03-08,1.1827740669250488,1.1827740669250488,1.1857894659042358,1.180790901184082,1.1829419136047363,0
2023-03-09,1.185016632080078,1.185016632080078,1.1935452222824097,1.1833759546279907,1.1849464178085327,0
2023-03-10,1.192250370979309,1.192250370979309,1.2109763622283936,1.1911568641662598,1.1923925876617432,0
2023-03-13,1.2079336643218994,1.2079336643218994,1.21761155128479,1.205153226852417,1.2077147960662842,0
2023-03-14,1.2171372175216677,1.2171372175216677,1.220211625099182,1.2141520977020264,1.2168114185333252,0
2023-03-15,1.215214490890503,1.215214490890503,1.218145489692688,1.2019087076187134,1.2151997089385986,0
2023-03-16,1.20692777633667,1.20692777633667,1.2116659879684448,1.2029350996017456,1.2068257331848145,0
2023-03-17,1.2110495567321775,1.2110495567321775,1.2176560163497925,1.210316777229309,1.2111802101135254,0
2023-03-20,1.218769073486328,1.218769073486328,1.2265123128890991,1.2168114185333252,1.21881365776062,0
2023-03-21,1.2276264429092407,1.2276264429092407,1.2281843423843384,1.2182939052581787,1.227475881576538,0
2023-03-22,1.2225087881088257,1.2225087881088257,1.2295737266540527,1.2209266424179075,1.222583532333374,0
2023-03-23,1.227973222732544,1.227973222732544,1.2342631816864014,1.2266627550125122,1.2278677225112915,0
2023-03-24,1.228154182434082,1.228154182434082,1.2289994955062866,1.2192296981811523,1.2279430627822876,0
2023-03-27,1.224600315093994,1.224600315093994,1.2291052341461182,1.221985936164856,1.2241849899291992,0
2023-03-28,1.229755163192749,1.229755163192749,1.234903335571289,1.228199481964111,1.2297248840332031,0
2023-03-29,1.2330456972122192,1.2330456972122192,1.2360023260116575,1.2304997444152832,1.2336236238479614,0
2023-03-30,1.2313603162765503,1.2313603162765503,1.238359451293945,1.2295434474945068,1.2311177253723145,0
2023-03-31,1.238727569580078,1.238727569580078,1.2422668933868408,1.2345069646835327,1.238727569580078,0
2023-04-03,1.228697419166565,1.228697419166565,1.242004632949829,1.2276867628097534,1.228893756866455,0
2023-04-04,1.2423131465911863,1.2423131465911863,1.2520345449447632,1.239633560180664,1.2420971393585205,0
2023-04-05,1.249843716621399,1.249843716621399,1.2514704465866089,1.2436264753341677,1.2499531507492063,0
2023-04-06,1.2463078498840332,1.2463078498840332,1.248626470565796,1.241434097290039,1.2464786767959597,0
2023-04-07,1.243900179862976,1.243900179862976,1.2456247806549072,1.2394338846206665,1.2441060543060305,0
2023-04-10,1.2431625127792358,1.2431625127792358,1.2442762851715088,1.234872817993164,1.243456244468689,0
2023-04-11,1.239218831062317,1.239218831062317,1.245733380317688,1.2387735843658447,1.2395106554031372,0
2023-04-12,1.2431007623672483,1.2431007623672483,1.2483458518981934,1.2399563789367676,1.2430081367492676,0
2023-04-13,1.2492660284042358,1.2492660284042358,1.2536669969558716,1.2479876279830933,1.2491412162780762,0
2023-04-14,1.2525300979614258,1.2525300979614258,1.2547051906585691,1.241434097290039,1.25231671333313,0
2023-04-17,1.2400178909301758,1.2400178909301758,1.2439358234405518,1.235498309135437,1.2402024269104004,0
2023-04-18,1.2375471591949463,1.2375471591949463,1.2449734210968018,1.2368124723434448,1.237424612045288,0
2023-04-19,1.2425447702407837,1.2425447702407837,1.2473337650299072,1.2393569946289062,1.2429616451263428,0
2023-04-20,1.2428845167160034,1.2428845167160034,1.246634006500244,1.240633249282837,1.2428845167160034,0
2023-04-21,1.244090557098389,1.244090557098389,1.2447099685668943,1.23704195022583,1.2439358234405518,0
2023-04-24,1.2449734210968018,1.2449734210968018,1.2468360662460327,1.2413570880889893,1.2448339462280271,0
2023-04-25,1.25,1.25,1.250687837600708,1.2388503551483154,1.2499531507492063,0
2023-04-26,1.2414803504943848,1.2414803504943848,1.251157283782959,1.240356206893921,1.2416189908981323,0
2023-04-27,1.2471472024917605,1.2471472024917605,1.2493752241134644,1.243873953819275,1.2471472024917605,0
2023-04-28,1.249750018119812,1.249750018119812,1.258130669593811,1.2448649406433103,1.2500624656677246,0
2023-05-01,1.2557607889175415,1.2557607889175415,1.256999969482422,1.248953938484192,1.2558395862579346,0
2023-05-02,1.2485953569412231,1.2485953569412231,1.2512198686599731,1.2436573505401611,1.2487356662750244,0
2023-05-03,1.2476606369018557,1.2476606369018557,1.25520920753479,1.2469605207443235,1.247972011566162,0
2023-05-04,1.256897211074829,1.256897211074829,1.2596838474273682,1.2552248239517212,1.256865620613098,0
2023-05-05,1.2583364248275757,1.2583364248275757,1.2651021480560305,1.2565971612930298,1.2582573890686035,0
2023-05-08,1.2630568742752075,1.2630568742752075,1.2669453620910645,1.262817621231079,1.2631046772003174,0
2023-05-09,1.2612725496292114,1.2612725496292114,1.2639188766479492,1.258051514625549,1.2612725496292114,0
2023-05-10,1.2624667882919312,1.2624667882919312,1.267909288406372,1.2604142427444458,1.2625625133514404,0
2023-05-11,1.2626996040344238,1.2626996040344238,1.2640626430511477,1.2499843835830688,1.2628973722457886,0
2023-05-12,1.2508130073547363,1.2508130073547363,1.254091501235962,1.2459505796432495,1.25101637840271,0
2023-05-15,1.2450973987579346,1.2450973987579346,1.252536416053772,1.244555115699768,1.2453765869140625,0
2023-05-16,1.2525207996368408,1.2525207996368408,1.2545791864395142,1.246680736541748,1.2525991201400757,0
2023-05-17,1.2484394311904907,1.2484394311904907,1.2494065761566162,1.2422051429748535,1.248704433441162,0
2023-05-18,1.2482805252075195,1.2482805252075195,1.2493752241134644,1.2400639057159424,1.248252511024475,0
2023-05-19,1.2412338256835938,1.2412338256835938,1.2478630542755127,1.2393877506256104,1.2413108348846436,0
2023-05-22,1.2461059093475342,1.2461059093475342,1.24725604057312,1.2414957284927368,1.2461214065551758,0
2023-05-23,1.243440866470337,1.243440866470337,1.244694471359253,1.237332820892334,1.2435954809188845,0
2023-05-24,1.241726994514465,1.241726994514465,1.2464165687561035,1.235803723335266,1.2418503761291504,0
2023-05-25,1.2371032238006592,1.2371032238006592,1.2385895252227783,1.2319064140319824,1.2368431091308594,0
2023-05-26,1.2318304777145386,1.2318304777145386,1.2394338846206665,1.2312238216400146,1.2319064140319824,0
2023-05-29,1.2346898317337036,1.2346898317337036,1.237317442893982,1.2336692810058594,1.2345983982086182,0
2023-05-30,1.234933853149414,1.234933853149414,1.244524002075195,1.232848048210144,1.2347356081008911,0
2023-05-31,1.241187572479248,1.241187572479248,1.24251389503479,1.234903335571289,1.2414649724960327,0
2023-06-01,1.244694471359253,1.244694471359253,1.2536983489990234,1.2403254508972168,1.244555115699768,0
2023-06-02,1.2525991201400757,1.2525991201400757,1.2545193433761597,1.245810866355896,1.2529600858688354,0
2023-06-05,1.2430236339569092,1.2430236339569092,1.244090557098389,1.2369654178619385,1.242992639541626,0
2023-06-06,1.2433171272277832,1.2433171272277832,1.2458419799804688,1.2393569946289062,1.2432862520217896,0
2023-06-07,1.2428536415100098,1.2428536415100098,1.2499687671661377,1.239618182182312,1.2431471347808838,0
2023-06-08,1.2445859909057615,1.2445859909057615,1.2557134628295898,1.2441989183425903,1.244725465774536,0
2023-06-09,1.255950093269348,1.255950093269348,1.2591286897659302,1.253572702407837,1.2558870315551758,0
2023-06-12,1.25809907913208,1.25809907913208,1.259937763214111,1.2487980127334597,1.2578141689300537,0
2023-06-13,1.2515331506729126,1.2515331506729126,1.261957049369812,1.2514861822128296,1.2514861822128296,0
2023-06-14,1.260684370994568,1.260684370994568,1.2699863910675049,1.2600805759429932,1.2607160806655884,0
2023-06-15,1.26708984375,1.26708984375,1.276535987854004,1.2631046772003174,1.267154097557068,0
2023-06-16,1.278576135635376,1.278576135635376,1.284769058227539,1.2768945693969729,1.278625249862671,0
2023-06-19,1.2830382585525513,1.2830382585525513,1.2840003967285156,1.2786579132080078,1.2833675146102903,0
2023-06-20,1.2794759273529053,1.2794759273529053,1.2805737257003784,1.271520495414734,1.2794922590255735,0
2023-06-21,1.276535987854004,1.276535987854004,1.2797870635986328,1.2693593502044678,1.2764707803726196,0
2023-06-22,1.277204513549805,1.277204513549805,1.2817226648330688,1.2730258703231812,1.2771228551864624,0
2023-06-23,1.2747135162353516,1.2747135162353516,1.275049924850464,1.269196629524231,1.274518609046936,0
2023-06-26,1.2729610204696655,1.2729610204696655,1.274827241897583,1.2689712047576904,1.2732527256011963,0
2023-06-27,1.2711971998214722,1.2711971998214722,1.2759170532226562,1.27048659324646,1.2709225416183472,0
2023-06-28,1.2744698524475098,1.2744698524475098,1.275136113166809,1.2608274221420288,1.2744535207748413,0
2023-06-29,1.264254450798035,1.264254450798035,1.266592264175415,1.2592555284500122,1.2641266584396362,0
2023-06-30,1.261463642120361,1.261463642120361,1.2726207971572876,1.2601441144943235,1.2614953517913818,0
2023-07-03,1.2693254947662354,1.2693254947662354,1.2719409465789795,1.26603102684021,1.269357681274414,0
2023-07-04,1.269293189048767,1.269293189048767,1.2736419439315796,1.2684721946716309,1.269035577774048,0
2023-07-05,1.2717629671096802,1.2717629671096802,1.273414969444275,1.2689228057861328,1.2720866203308103,0
2023-07-06,1.2704542875289917,1.2704542875289917,1.2780369520187378,1.2676199674606323,1.2706319093704224,0
2023-07-07,1.2742749452590942,1.2742749452590942,1.2840101718902588,1.272718071937561,1.2742263078689575,0
2023-07-10,1.2838947772979736,1.2838947772979736,1.283861756324768,1.275266170501709,1.283861756324768,0
2023-07-11,1.2864713668823242,1.2864713668823242,1.293326497077942,1.2859750986099243,1.2863225936889648,0
2023-07-12,1.2934770584106443,1.2934770584106443,1.300220966339111,1.2905057668685913,1.2934937477111816,0
2023-07-13,1.29962956905365,1.29962956905365,1.3113378286361694,1.29902184009552,1.2997984886169434,0
2023-07-14,1.3128528594970703,1.3128528594970703,1.3142330646514893,1.3095176219940186,1.313145875930786,0
2023-07-17,1.3090204000473022,1.3090204000473022,1.3107191324234009,1.3054488897323608,1.3091232776641846,0
2023-07-18,1.307172417640686,1.307172417640686,1.312456488609314,1.3051252365112305,1.3070870637893677,0
2023-07-19,1.303508996963501,1.303508996963501,1.3039510250091553,1.287166953086853,1.303508996963501,0
2023-07-20,1.2939791679382324,1.2939791679382324,1.2965123653411863,1.284191608428955,1.2939791679382324,0
2023-07-21,1.2872332334518433,1.2872332334518433,1.2903891801834106,1.281788349151611,1.286968231201172,0
2023-07-24,1.2853471040725708,1.2853471040725708,1.288344383239746,1.2799180746078491,1.2851818799972534,0
2023-07-25,1.281262755393982,1.281262755393982,1.2877304553985596,1.281065821647644,1.2812464237213137,0
2023-07-26,1.2893908023834229,1.2893908023834229,1.2936275005340576,1.2876144647598269,1.2893409729003906,0
2023-07-27,1.292724609375,1.292724609375,1.299545168876648,1.2827255725860596,1.2928582429885864,0
2023-07-28,1.2793776988983154,1.2793776988983154,1.2885268926620483,1.2764707803726196,1.2794268131256104,0
2023-07-31,1.2853965759277344,1.2853965759277344,1.2873326539993286,1.2829558849334717,1.2853800058364868,0
2023-08-01,1.283400535583496,1.283400535583496,1.283861756324768,1.2741613388061523,1.283202886581421,0
2023-08-02,1.2795741558074951,1.2795741558074951,1.279737949371338,1.268182635307312,1.2791157960891724,0
2023-08-03,1.2720379829406738,1.2720379829406738,1.2728476524353027,1.2625943422317505,1.2717629671096802,0
2023-08-04,1.2716336250305176,1.2716336250305176,1.2782655954360962,1.2691644430160522,1.271617412567139,0
2023-08-07,1.2747948169708252,1.2747948169708252,1.278608798980713,1.2713911533355713,1.2751199007034302,0
2023-08-08,1.2782002687454224,1.2782002687454224,1.278592586517334,1.2685847282409668,1.278592586517334,0
2023-08-09,1.2741613388061523,1.2741613388061523,1.2778409719467163,1.2712457180023191,1.2744373083114624,0
2023-08-10,1.2720056772232056,1.2720056772232056,1.2811315059661863,1.2710840702056885,1.2718924283981323,0
2023-08-11,1.2670094966888428,1.2670094966888428,1.2737069129943848,1.2666244506835938,1.2666244506835938,0
2023-08-14,1.2695027589797974,1.2695027589797974,1.2716336250305176,1.261909246444702,1.2695027589797974,0
2023-08-15,1.2685203552246094,1.2685203552246094,1.275266170501709,1.2677003145217896,1.268617033958435,0
2023-08-16,1.2701315879821775,1.2701315879821775,1.2765848636627195,1.268842339515686,1.2700186967849731,0
2023-08-17,1.2728151082992554,1.2728151082992554,1.2786742448806765,1.2705188989639282,1.272701859474182,0
2023-08-18,1.275022268295288,1.275022268295288,1.2766337394714355,1.269083857536316,1.2747948169708252,0
2023-08-21,1.2741937637329102,1.2741937637329102,1.2765034437179563,1.2711002826690674,1.2741774320602417,0
2023-08-22,1.2760798931121826,1.2760798931121826,1.28009831905365,1.2721028327941897,1.2761287689208984,0
2023-08-23,1.2731555700302124,1.2731555700302124,1.2764055728912354,1.261638641357422,1.2731716632843018,0
2023-08-24,1.2720541954040527,1.2720541954040527,1.27289617061615,1.2629451751708984,1.2720866203308103,0
2023-08-25,1.2592872381210327,1.2592872381210327,1.264702081680298,1.254878282546997,1.2593348026275637,0
2023-08-28,1.2589701414108276,1.2589701414108276,1.2610658407211304,1.2567392587661743,1.2591921091079712,0
2023-08-29,1.2611136436462402,1.2611136436462402,1.263567566871643,1.2563918828964231,1.261299729347229,0
2023-08-30,1.2636793851852417,1.2636793851852417,1.2743724584579468,1.262004852294922,1.2639029026031494,0
2023-08-31,1.271179437637329,1.271179437637329,1.273463487625122,1.2654383182525637,1.271310329437256,0
2023-09-01,1.2672826051712036,1.2672826051712036,1.2710033655166626,1.259049415588379,1.267138123512268,0
2023-09-04,1.2591445446014404,1.2591445446014404,1.2643502950668335,1.2589067220687866,1.2591286897659302,0
2023-09-05,1.2623074054718018,1.2623074054718018,1.2631845474243164,1.2529443502426147,1.26262629032135,0
2023-09-06,1.2570552825927734,1.2570552825927734,1.2588274478912354,1.2484861612319946,1.2568340301513672,0
2023-09-07,1.2498750686645508,1.2498750686645508,1.2507973909378052,1.2448649406433103,1.2499531507492063,0
2023-09-08,1.2475050687789917,1.2475050687789917,1.2513139247894287,1.2468827962875366,1.247551679611206,0
2023-09-11,1.2489992380142212,1.2489992380142212,1.2547523975372314,1.2483770847320557,1.248907208442688,0
2023-09-12,1.2508755922317505,1.2508755922317505,1.2521756887435913,1.246074914932251,1.2507504224777222,0
2023-09-13,1.2491724491119385,1.2491724491119385,1.251157283782959,1.2442454099655151,1.249531388282776,0
2023-09-14,1.248953938484192,1.248953938484192,1.2507035732269287,1.2403408288955688,1.2487667798995972,0
2023-09-15,1.2401869297027588,1.2401869297027588,1.244555115699768,1.2386507987976074,1.2400485277175903,0
2023-09-18,1.2397565841674805,1.2397565841674805,1.2410335540771484,1.2371184825897217,1.2397565841674805,0
2023-09-19,1.2383747100830078,1.2383747100830078,1.2424366474151611,1.2371797561645508,1.2386049032211304,0
2023-09-20,1.2393569946289062,1.2393569946289062,1.240941047668457,1.233714938163757,1.2393416166305542,0
2023-09-21,1.2328935861587524,1.2328935861587524,1.233167290687561,1.2247997522354126,1.2327568531036377,0
2023-09-22,1.2294225692749023,1.2294225692749023,1.2292261123657229,1.2234361171722412,1.2292109727859497,0
2023-09-25,1.2241849899291992,1.2241849899291992,1.2251899242401123,1.2196015119552612,1.2242748737335205,0
2023-09-26,1.2213143110275269,1.2213143110275269,1.2215232849121094,1.2160863876342771,1.2214336395263672,0
2023-09-27,1.2146830558776855,1.2146830558776855,1.2164266109466553,1.2129592895507812,1.2146536111831665,0
2023-09-28,1.2135332822799685,1.2135332822799685,1.2223445177078247,1.2121212482452393,1.2137248516082764,0
2023-09-29,1.2204796075820925,1.2204796075820925,1.227144479751587,1.2182493209838867,1.2208521366119385,0
2023-10-02,1.2193039655685425,1.2193039655685425,1.2219561338424685,1.2116365432739258,1.2191107273101809,0
2023-10-03,1.209116816520691,1.209116816520691,1.210097074508667,1.2054582834243774,1.2088828086853027,0
2023-10-04,1.2078461647033691,1.2078461647033691,1.2175966501235962,1.2042534351348877,1.2078461647033691,0
2023-10-05,1.2137395143508911,1.2137395143508911,1.2173891067504885,1.2109030485153198,1.213651180267334,0
2023-10-06,1.218769073486328,1.218769073486328,1.2260762453079224,1.210771083831787,1.2188730239868164,0
2023-10-09,1.222090482711792,1.222090482711792,1.2224340438842771,1.2164266109466553,1.222195029258728,0
2023-10-10,1.225039839744568,1.225039839744568,1.22877299785614,1.2213293313980105,1.2252498865127563,0
2023-10-11,1.229135513305664,1.229135513305664,1.233608365058899,1.2270541191101074,1.2291958332061768,0
2023-10-12,1.2316333055496216,1.2316333055496216,1.2330759763717651,1.2207180261611938,1.231693983078003,0
2023-10-13,1.2183235883712769,1.2183235883712769,1.2223445177078247,1.2132682800292969,1.218397855758667,0
2023-10-16,1.215376853942871,1.215376853942871,1.2199585437774658,1.2144323587417605,1.2154803276062012,0
2023-10-17,1.2211503982543943,1.2211503982543943,1.2216874361038208,1.2134743928909302,1.2212547063827517,0
2023-10-18,1.2178784608840942,1.2178784608840942,1.2211652994155884,1.2140341997146606,1.2178043127059937,0
2023-10-19,1.214343786239624,1.214343786239624,1.215894103050232,1.209277629852295,1.2143585681915283,0
2023-10-20,1.2137248516082764,1.2137248516082764,1.2160272598266602,1.2094823122024536,1.2137248516082764,0
2023-10-23,1.216397047042847,1.216397047042847,1.2236157655715942,1.2143291234970093,1.2163822650909424,0
2023-10-24,1.2250248193740845,1.2250248193740845,1.2288333177566528,1.215953350067139,1.225144863128662,0
2023-10-25,1.216189980506897,1.216189980506897,1.217730164527893,1.2115631103515625,1.2163230180740356,0
2023-10-26,1.210345983505249,1.210345983505249,1.213194727897644,1.2070443630218506,1.210214138031006,0
2023-10-27,1.213710069656372,1.213710069656372,1.2161750793457031,1.2106537818908691,1.2136069536209106,0
2023-10-30,1.2113723754882812,1.2113723754882812,1.2165894508361816,1.2092629671096802,1.2113136053085327,0
2023-10-31,1.2165746688842771,1.2165746688842771,1.219928741455078,1.2120037078857422,1.216519832611084,0
2023-11-01,1.215214490890503,1.215214490890503,1.2165154218673706,1.2097749710083008,1.2151259183883667,0
2023-11-02,1.218219757080078,1.218219757080078,1.2224191427230835,1.2156428098678589,1.2184275388717651,0
2023-11-03,1.2191851139068604,1.2191851139068604,1.2374552488327026,1.2185462713241575,1.2190959453582764,0
2023-11-06,1.237378716468811,1.237378716468811,1.2429462671279907,1.2366900444030762,1.2372256517410278,0
2023-11-07,1.2345526218414309,1.2345526218414309,1.2347599267959597,1.2277169227600098,1.2344460487365725,0
2023-11-08,1.2291808128356934,1.2291808128356934,1.2301334142684937,1.2243348360061646,1.22901451587677,0
2023-11-09,1.2285012006759644,1.2285012006759644,1.2309207916259766,1.225385069847107,1.228606939315796,0
2023-11-10,1.2217023372650146,1.2217023372650146,1.223825454711914,1.2189027070999146,1.2215979099273682,0
2023-11-13,1.2228227853775024,1.2228227853775024,1.2271745204925537,1.2224639654159546,1.2230321168899536,0
2023-11-14,1.228063702583313,1.228063702583313,1.2487980127334597,1.226542353630066,1.2280335426330566,0
2023-11-15,1.24945330619812,1.24945330619812,1.249921798706055,1.2405717372894287,1.2494065761566162,0
2023-11-16,1.2422360181808472,1.2422360181808472,1.2455161809921265,1.2378230094909668,1.2423748970031738,0
2023-11-17,1.2414957284927368,1.2414957284927368,1.2442454099655151,1.237593173980713,1.2415728569030762,0
2023-11-20,1.2454540729522705,1.2454540729522705,1.25101637840271,1.244678974151611,1.2454074621200562,0
2023-11-21,1.2509069442749023,1.2509069442749023,1.2558395862579346,1.2505784034729004,1.2509069442749023,0
2023-11-22,1.2544218301773071,1.2544218301773071,1.254878282546997,1.244926929473877,1.2545477151870728,0
2023-11-23,1.2490007877349854,1.2490007877349854,1.2562813758850098,1.2489851713180542,1.249109983444214,0
2023-11-24,1.2533526420593262,1.2533526420593262,1.261670470237732,1.252536416053772,1.253289818763733,0
2023-11-27,1.2600330114364624,1.2600330114364624,1.2644143104553225,1.2592079639434814,1.260096549987793,0
2023-11-28,1.2634397745132446,1.2634397745132446,1.2714072465896606,1.2608274221420288,1.263567566871643,0
2023-11-29,1.2712295055389404,1.2712295055389404,1.2732527256011963,1.266640543937683,1.271342635154724,0
2023-11-30,1.2696397304534912,1.2696397304534912,1.2710033655166626,1.2605571746826172,1.2695833444595337,0
2023-12-01,1.2631685733795166,1.2631685733795166,1.2689712047576904,1.2616068124771118,1.2631845474243164,0
2023-12-04,1.271310329437256,1.271310329437256,1.2712780237197876,1.2605730295181274,1.271213412284851,0
2023-12-05,1.2634079456329346,1.2634079456329346,1.2650541067123413,1.2583364248275757,1.2634079456329346,0
2023-12-06,1.2594457864761353,1.2594457864761353,1.2613840103149414,1.2581782341003418,1.2594934701919556,0
2023-12-07,1.2558711767196655,1.2558711767196655,1.2593823671340942,1.2545477151870728,1.2558002471923828,0
2023-12-08,1.258954405784607,1.258954405784607,1.2601124048233032,1.2504688501358032,1.2588101625442505,0
2023-12-11,1.2554770708084106,1.2554770708084106,1.2591286897659302,1.2535884380340576,1.2557450532913208,0
2023-12-12,1.2554612159729004,1.2554612159729004,1.2608431577682495,1.2518621683120728,1.2554140090942385,0
2023-12-13,1.257071018218994,1.257071018218994,1.257071018218994,1.2506252527236938,1.256969928741455,0
2023-12-14,1.2622915506362915,1.2622915506362915,1.27790629863739,1.2614158391952517,1.2621641159057615,0
2023-12-15,1.2771391868591309,1.2771391868591309,1.2790995836257937,1.2685526609420776,1.277106523513794,0
2023-12-18,1.2672343254089355,1.2672343254089355,1.2703574895858765,1.2630568742752075,1.2672826051712036,0
2023-12-19,1.2651821374893188,1.2651821374893188,1.276145100593567,1.2650221586227417,1.2653422355651855,0
2023-12-20,1.2732689380645752,1.2732689380645752,1.273106813430786,1.2632802724838257,1.273074507713318,0
2023-12-21,1.2641266584396362,1.2641266584396362,1.2692127227783203,1.261479377746582,1.2640626430511477,0
2023-12-22,1.268499493598938,1.268499493598938,1.274534821510315,1.2680699825286863,1.268617033958435,0
2023-12-27,1.272718071937561,1.272718071937561,1.2801146507263184,1.270050883293152,1.2728314399719238,0
2023-12-28,1.2800819873809814,1.2800819873809814,1.2826762199401855,1.274015188217163,1.2802294492721558,0
2023-12-29,1.2733986377716064,1.2733986377716064,1.2772533893585205,1.2702767848968506,1.2735446691513062,0
2024-01-02,1.2728800773620603,1.2728800773620603,1.2760635614395142,1.261240839958191,1.2728476524353027,0
2024-01-03,1.2623074054718018,1.2623074054718018,1.2652462720870972,1.2618296146392822,1.262371301651001,0
2024-01-04,1.2674272060394287,1.2674272060394287,1.2728151082992554,1.2657907009124756,1.2675235271453855,0
2024-01-05,1.2684078216552734,1.2684078216552734,1.2770087718963623,1.2612885236740112,1.2682147026062012,0
2024-01-08,1.271779179573059,1.271779179573059,1.2765034437179563,1.2675074338912964,1.2716983556747437,0
2024-01-09,1.274518609046936,1.274518609046936,1.2765034437179563,1.2691644430160522,1.2741937637329102,0
2024-01-10,1.2712942361831665,1.2712942361831665,1.274209976196289,1.268729567527771,1.2714558839797974,0
2024-01-11,1.274518609046936,1.274518609046936,1.2774654626846311,1.2690999507904053,1.274518609046936,0
2024-01-12,1.2777756452560425,1.2777756452560425,1.2784616947174072,1.2721351385116575,1.277955174446106,0
2024-01-15,1.273658275604248,1.273658275604248,1.274015188217163,1.2714234590530396,1.2736419439315796,0
2024-01-16,1.271617412567139,1.271617412567139,1.2717145681381226,1.262100338935852,1.2717145681381226,0
2024-01-17,1.26385498046875,1.26385498046875,1.269551157951355,1.2597472667694092,1.2639204263687134,0
2024-01-18,1.2676842212677002,1.2676842212677002,1.27048659324646,1.2650541067123413,1.2677645683288574,0
2024-01-19,1.2709871530532837,1.2709871530532837,1.271617412567139,1.2663196325302124,1.2711971998214722,0
2024-01-22,1.2699863910675049,1.2699863910675049,1.273074507713318,1.268826246261597,1.27008318901062,0
2024-01-23,1.2706964015960691,1.2706964015960691,1.2747135162353516,1.2655344009399414,1.270825743675232,0
2024-01-24,1.269196629524231,1.269196629524231,1.2773675918579102,1.2686814069747925,1.269422173500061,0
2024-01-25,1.271876335144043,1.271876335144043,1.2742263078689575,1.269293189048767,1.2718439102172852,0
2024-01-26,1.270825743675232,1.270825743675232,1.27575421333313,1.2677323818206787,1.2706964015960691,0
2024-01-29,1.2697607278823853,1.2697607278823853,1.2719409465789795,1.2663196325302124,1.269712209701538,0
2024-01-30,1.2713264226913452,1.2713264226913452,1.2721351385116575,1.2642863988876345,1.2714072465896606,0
2024-01-31,1.269551157951355,1.269551157951355,1.2749247550964355,1.266784906387329,1.2695188522338867,0
2024-02-01,1.2678449153900146,1.2678449153900146,1.2725398540496826,1.2626293897628784,1.2680699825286863,0
2024-02-02,1.27472984790802,1.27472984790802,1.2772860527038574,1.262371301651001,1.27472984790802,0
2024-02-05,1.2621959447860718,1.2621959447860718,1.262993097305298,1.252003192901611,1.2616863250732422,0
2024-02-06,1.2534469366073608,1.2534469366073608,1.2594616413116455,1.2534469366073608,1.2534469366073608,0
2024-02-07,1.2606525421142578,1.2606525421142578,1.2641905546188354,1.2597631216049194,1.260398268699646,0
2024-02-08,1.2627378702163696,1.2627378702163696,1.2639029026031494,1.2574820518493652,1.2627538442611694,0
2024-02-09,1.2620525360107422,1.2620525360107422,1.264222502708435,1.260096549987793,1.262148141860962,0
2024-02-12,1.2637271881103516,1.2637271881103516,1.2654062509536743,1.2607479095458984,1.2638709545135498,0
2024-02-13,1.2627538442611694,1.2627538442611694,1.268343448638916,1.2577824592590332,1.2627538442611694,0
2024-02-14,1.2590652704238892,1.2590652704238892,1.261099338531494,1.2536983489990234,1.2591286897659302,0
2024-02-15,1.2568340301513672,1.2568340301513672,1.2596521377563477,1.2542644739151,1.256818175315857,0
2024-02-16,1.259921908378601,1.259921908378601,1.2602394819259644,1.2554454803466797,1.259921908378601,0
2024-02-19,1.2611136436462402,1.2611136436462402,1.262977123260498,1.2583364248275757,1.2611136436462402,0
2024-02-20,1.258764147758484,1.258764147758484,1.2667046785354614,1.2580199241638184,1.2588274478912354,0
2024-02-21,1.2627378702163696,1.2627378702163696,1.2637910842895508,1.260398268699646,1.26264226436615,0
2024-02-22,1.2638070583343506,1.2638070583343506,1.2709709405899048,1.2612568140029907,1.2638869285583496,0
2024-02-23,1.266367793083191,1.266367793083191,1.2701799869537354,1.2649741172790527,1.2661433219909668,0
2024-02-26,1.2672665119171145,1.2672665119171145,1.2699542045593262,1.2657266855239868,1.2671059370040894,0
2024-02-27,1.268455982208252,1.268455982208252,1.269689679145813,1.2661913633346558,1.268455982208252,0
2024-02-28,1.268166422843933,1.268166422843933,1.2684237957000732,1.2624667882919312,1.2680699825286863,0
2024-02-29,1.2663036584854126,1.2663036584854126,1.2682147026062012,1.2629133462905884,1.2661913633346558,0
2024-03-01,1.2625465393066406,1.2625465393066406,1.2656145095825195,1.2601124048233032,1.2627220153808594,0
2024-03-04,1.26603102684021,1.26603102684021,1.2706642150878906,1.2656785249710083,1.266127347946167,0
2024-03-05,1.269196629524231,1.269196629524231,1.2733501195907593,1.2672665119171145,1.269035577774048,0
2024-03-06,1.27048659324646,1.27048659324646,1.27611243724823,1.269035577774048,1.270502686500549,0
2024-03-07,1.2735446691513062,1.2735446691513062,1.2798854112625122,1.272394061088562,1.2736419439315796,0
2024-03-08,1.281558394432068,1.281558394432068,1.2890584468841553,1.2801966667175293,1.2813777923583984,0
2024-03-11,1.2855123281478882,1.2855123281478882,1.2862398624420166,1.279606819152832,1.2856113910675049,0
2024-03-12,1.2819806337356567,1.2819806337356567,1.2825446128845217,1.274827241897583,1.2818540334701538,0
2024-03-13,1.2795906066894531,1.2795906066894531,1.2809016704559326,1.277612328529358,1.2796560525894165,0
2024-03-14,1.2802129983901978,1.2802129983901978,1.2823472023010254,1.273074507713318,1.2801966667175293,0
2024-03-15,1.2745835781097412,1.2745835781097412,1.2759170532226562,1.273074507713318,1.2746485471725464,0
2024-03-18,1.2731393575668335,1.2731393575668335,1.2748597860336304,1.27226459980011,1.2731878757476809,0
2024-03-19,1.272718071937561,1.272718071937561,1.2729123830795288,1.2669775485992432,1.272718071937561,0
2024-03-20,1.2719409465789795,1.2719409465789795,1.2730096578598022,1.26850426197052,1.271779179573059,0
2024-03-21,1.2798361778259275,1.2798361778259275,1.280393362045288,1.266047120094299,1.2798361778259275,0
2024-03-22,1.2661913633346558,1.2661913633346558,1.2675877809524536,1.257735013961792,1.2661433219909668,0
2024-03-25,1.25979483127594,1.25979483127594,1.2651821374893188,1.2592713832855225,1.25979483127594,0
2024-03-26,1.2637910842895508,1.2637910842895508,1.266784906387329,1.2625943422317505,1.2636953592300415,0
2024-03-27,1.2628495693206787,1.2628495693206787,1.2639029026031494,1.2606048583984375,1.262833595275879,0
2024-03-28,1.261670470237732,1.261670470237732,1.2649741172790527,1.2586500644683838,1.261710286140442,0
2024-03-29,1.26262629032135,1.26262629032135,1.2648141384124756,1.26103413105011,1.2624191045761108,0
2024-04-01,1.2637271881103516,1.2637271881103516,1.2643823623657229,1.2540757656097412,1.2638230323791504,0
2024-04-02,1.2545477151870728,1.2545477151870728,1.257861614227295,1.2540757656097412,1.2547523975372314,0
2024-04-03,1.2576876878738403,1.2576876878738403,1.2635515928268433,1.2563602924346924,1.2576559782028198,0
2024-04-04,1.2651821374893188,1.2651821374893188,1.268166422843933,1.2645422220230105,1.265390396118164,0
2024-04-05,1.26401948928833,1.26401948928833,1.265006184577942,1.257576823234558,1.2639667987823486,0
2024-04-08,1.2625305652618408,1.2625305652618408,1.26558256149292,1.2613521814346311,1.26262629032135,0
2024-04-09,1.2658709287643433,1.2658709287643433,1.2709063291549685,1.2650221586227417,1.265982985496521,0
2024-04-10,1.2677645683288574,1.2677645683288574,1.2705351114273071,1.2534940242767334,1.2677693367004397,0
2024-04-11,1.2537612915039062,1.2537612915039062,1.2577667236328125,1.2511699199676514,1.2536983489990234,0
2024-04-12,1.2554770708084106,1.2554770708084106,1.2558870315551758,1.2428845167160034,1.2556346654891968,0
2024-04-15,1.2461835145950315,1.2461835145950315,1.249843716621399,1.2443537712097168,1.246012806892395,0
2024-04-16,1.2447409629821775,1.2447409629821775,1.2473493814468384,1.2411398887634275,1.244694471359253,0
2024-04-17,1.2431007623672483,1.2431007623672483,1.2481745481491089,1.241773247718811,1.2431007623672483,0
2024-04-18,1.2453765869140625,1.2453765869140625,1.248455047607422,1.2437810897827148,1.2453609704971311,0
2024-04-19,1.2437657117843628,1.2437657117843628,1.2468827962875366,1.2392034530639648,1.2436264753341677,0
2024-04-22,1.2375777959823608,1.2375777959823608,1.2392648458480835,1.2301182746887207,1.237623691558838,0
2024-04-23,1.2350252866744995,1.2350252866744995,1.245795488357544,1.2333345413208008,1.235010027885437,0
2024-04-24,1.2453300952911377,1.2453300952911377,1.2467273473739624,1.2423903942108154,1.2455006837844849,0
2024-04-25,1.2459505796432495,1.2459505796432495,1.2523481845855713,1.2455781698226929,1.2459661960601809,0
2024-04-26,1.2509069442749023,1.2509069442749023,1.2541544437408447,1.2450664043426514,1.2507973909378052,0
2024-04-29,1.2510477304458618,1.2510477304458618,1.2554926872253418,1.2508443593978882,1.2510946989059448,0
2024-04-30,1.2559815645217896,1.2559815645217896,1.2562813758850098,1.2505627870559692,1.2559974193572998,0
2024-05-01,1.2490164041519165,1.2490164041519165,1.249843716621399,1.2468206882476809,1.2489384412765503,0
2024-05-02,1.2539342641830444,1.2539342641830444,1.2547051906585691,1.2472871541976929,1.253714084625244,0
2024-05-03,1.2540600299835205,1.2540600299835205,1.2629451751708984,1.2529915571212769,1.2539970874786377,0
2024-05-06,1.2541072368621826,1.2541072368621826,1.2594300508499146,1.2539499998092651,1.2541072368621826,0
2024-05-07,1.2559815645217896,1.2559815645217896,1.257023572921753,1.2531641721725464,1.2559974193572998,0
2024-05-08,1.25014066696167,1.25014066696167,1.2505627870559692,1.2467273473739624,1.2503281831741333,0
2024-05-09,1.2493284940719604,1.2493284940719604,1.252065896987915,1.2449114322662354,1.2493597269058228,0
2024-05-10,1.2525677680969238,1.2525677680969238,1.2541544437408447,1.2503907680511477,1.252536416053772,0
2024-05-13,1.2522854804992676,1.2522854804992676,1.2569130659103394,1.2518621683120728,1.2523481845855713,0
2024-05-14,1.2561867237091064,1.2561867237091064,1.259303092956543,1.2511730194091797,1.2559658288955688,0
2024-05-15,1.2585265636444092,1.2585265636444092,1.2671059370040894,1.2584631443023682,1.2584631443023682,0
2024-05-16,1.2690032720565796,1.2690032720565796,1.270050883293152,1.2645422220230105,1.2689228057861328,0
2024-05-17,1.2672007083892822,1.2672007083892822,1.2708579301834106,1.2645422220230105,1.2672665119171145,0
2024-05-20,1.2706480026245115,1.2706480026245115,1.2712942361831665,1.2691482305526731,1.270793318748474,0
2024-05-21,1.2710840702056885,1.2710840702056885,1.27273428440094,1.269293189048767,1.2710517644882202,0
2024-05-22,1.2711325883865356,1.2711325883865356,1.2761287689208984,1.270099401473999,1.2710356712341309,0
2024-05-23,1.2721028327941897,1.2721028327941897,1.2746973037719729,1.2706156969070437,1.2720866203308103,0
2024-05-24,1.2694060802459717,1.2694060802459717,1.275136113166809,1.2682790756225586,1.2693737745285034,0
2024-05-27,1.2736095190048218,1.2736095190048218,1.2778997421264648,1.2734473943710327,1.2734473943710327,0
2024-05-28,1.2772371768951416,1.2772371768951416,1.279983639717102,1.2763078212738037,1.277269721031189,0
2024-05-29,1.275835633277893,1.275835633277893,1.2771717309951782,1.2707126140594482,1.2760001420974731,0
2024-05-30,1.2697993516921997,1.2697993516921997,1.2747622728347778,1.268182635307312,1.2698252201080322,0
2024-05-31,1.27304208278656,1.27304208278656,1.2765523195266724,1.270163893699646,1.2730258703231812,0
2024-06-03,1.2743724584579468,1.2743724584579468,1.279394030570984,1.269551157951355,1.2744048833847046,0
2024-06-04,1.2810165882110596,1.2810165882110596,1.2817226648330688,1.2744373083114624,1.2810165882110596,0
2024-06-05,1.277302384376526,1.277302384376526,1.2795250415802002,1.2757705450057983,1.277302384376526,0
2024-06-06,1.2794759273529053,1.2794759273529053,1.281065821647644,1.2765523195266724,1.279394030570984,0
2024-06-07,1.2793285846710205,1.2793285846710205,1.281082272529602,1.2717468738555908,1.2794268131256104,0
2024-06-10,1.2729448080062866,1.2729448080062866,1.273236632347107,1.2689067125320437,1.2728703022003174,0
2024-06-11,1.2726370096206665,1.2726370096206665,1.274941086769104,1.270761013031006,1.2725884914398191,0
2024-06-12,1.274047613143921,1.274047613143921,1.2860082387924194,1.273359775543213,1.273836612701416,0
2024-06-13,1.27962327003479,1.27962327003479,1.2806065082550049,1.2752825021743774,1.2796725034713743,0
2024-06-14,1.2755101919174194,1.2755101919174194,1.276487112045288,1.265806794166565,1.2754452228546145,0
2024-06-17,1.2683112621307373,1.2683112621307373,1.269083857536316,1.265982985496521,1.268391728401184,0
2024-06-18,1.2715997695922852,1.2715997695922852,1.2720379829406738,1.2669453620910645,1.2714234590530396,0
2024-06-19,1.2707449197769165,1.2707449197769165,1.2739989757537842,1.270244598388672,1.270825743675232,0
2024-06-20,1.2721998691558838,1.2721998691558838,1.2720866203308103,1.2667046785354614,1.2720866203308103,0
2024-06-21,1.266047120094299,1.266047120094299,1.2669775485992432,1.2625625133514404,1.266047120094299,0
2024-06-24,1.2639029026031494,1.2639029026031494,1.269841194152832,1.2633600234985352,1.2639667987823486,0
2024-06-25,1.268343448638916,1.268343448638916,1.270244598388672,1.267154097557068,1.2683112621307373,0
2024-06-26,1.268399715423584,1.268399715423584,1.269196629524231,1.2620844841003418,1.2684721946716309,0
2024-06-27,1.262179970741272,1.262179970741272,1.2669453620910645,1.2613521814346311,1.262148141860962,0
2024-06-28,1.26457417011261,1.26457417011261,1.266175389289856,1.2620208263397217,1.2643823623657229,0
2024-07-01,1.2648621797561646,1.2648621797561646,1.269534945487976,1.2637431621551514,1.2650221586227417,0
2024-07-02,1.26457417011261,1.26457417011261,1.2685364484786987,1.261638641357422,1.2646220922470093,0
2024-07-03,1.269035577774048,1.269035577774048,1.2777103185653689,1.267909288406372,1.268810153007507,0
2024-07-04,1.2747784852981567,1.2747784852981567,1.2767316102981567,1.274047613143921,1.2747784852981567,0
2024-07-05,1.2755752801895142,1.2755752801895142,1.2813777923583984,1.2756078243255615,1.2756078243255615,0
2024-07-08,1.2806508541107178,1.2806508541107178,1.28468656539917,1.2802459001541138,1.2807377576828003,0
2024-07-09,1.281558394432068,1.281558394432068,1.2824623584747314,1.2779226303100586,1.281469702720642,0
2024-07-10,1.2787723541259766,1.2787723541259766,1.2847524881362915,1.2785271406173706,1.2788705825805664,0
2024-07-11,1.285264492034912,1.285264492034912,1.2948671579360962,1.2850496768951416,1.2854297161102295,0
2024-07-12,1.292373776435852,1.292373776435852,1.2992074489593506,1.2903226613998413,1.2925240993499756,0
2024-07-15,1.2966804504394531,1.2966804504394531,1.299545168876648,1.2962770462036133,1.2967814207077026,0
2024-07-16,1.2970000505447388,1.2970000505447388,1.2980270385742188,1.2940125465393066,1.2970000505447388,0
2024-07-17,1.29776930809021,1.29776930809021,1.3044612407684326,1.2966804504394531,1.297808051109314,0
2024-07-18,1.3007453680038452,1.3007453680038452,1.3012869358062744,1.2969664335250854,1.3008638620376587,0
2024-07-19,1.2951691150665283,1.2951691150665283,1.294967770576477,1.2901561260223389,1.294967770576477,0
2024-07-22,1.2933096885681152,1.2933096885681152,1.2941465377807615,1.2906723022460938,1.2932428121566772,0
2024-07-23,1.2932428121566772,1.2932428121566772,1.2934937477111816,1.2888591289520264,1.293326497077942,0
2024-07-24,1.2901561260223389,1.2901561260223389,1.2938284873962402,1.2878466844558716,1.2903226613998413,0
2024-07-25,1.289989709854126,1.289989709854126,1.2913390398025513,1.2862894535064695,1.2898398637771606,0
2024-07-26,1.2856775522232056,1.2856775522232056,1.2874983549118042,1.2850496768951416,1.2855618000030518,0
2024-07-29,1.2868356704711914,1.2868356704711914,1.2888425588607788,1.2807048559188845,1.286719799041748,0
2024-07-30,1.286041259765625,1.286041259765625,1.2865046262741089,1.2821005582809448,1.2857933044433594,0
2024-07-31,1.2836971282958984,1.2836971282958984,1.2854461669921875,1.282248616218567,1.283812403678894,0
2024-08-01,1.2853139638900757,1.2853139638900757,1.286173701286316,1.2756078243255615,1.2853471040725708,0
2024-08-02,1.27289617061615,1.27289617061615,1.2840267419815063,1.2708903551101685,1.2728476524353027,0
2024-08-05,1.278788685798645,1.278788685798645,1.2816240787506104,1.2711488008499146,1.278821349143982,0
2024-08-06,1.2788705825805664,1.2788705825805664,1.2801638841629028,1.2673146724700928,1.278788685798645,0
2024-08-07,1.2684721946716309,1.2684721946716309,1.273577094078064,1.2683273553848269,1.2683273553848269,0
2024-08-08,1.2680377960205078,1.2680377960205078,1.274209976196289,1.2666244506835938,1.2684882879257202,0
2024-08-09,1.2747459411621094,1.2747459411621094,1.2774165868759155,1.272718071937561,1.27459979057312,0
2024-08-12,1.2750385999679563,1.2750385999679563,1.2794595956802368,1.2748922109603882,1.2749898433685305,0
2024-08-13,1.2771228551864624,1.2771228551864624,1.2836146354675293,1.276519775390625,1.2772371768951416,0
2024-08-14,1.2866700887680054,1.2866700887680054,1.286885380744934,1.2823965549468994,1.2866203784942627,0
2024-08-15,1.2828736305236816,1.2828736305236816,1.2870675325393677,1.279983639717102,1.2825281620025637,0
2024-08-16,1.2859420776367188,1.2859420776367188,1.2914557456970217,1.2858428955078125,1.2859750986099243,0
2024-08-19,1.294716238975525,1.294716238975525,1.2997479438781738,1.2941633462905884,1.2948336601257324,0
2024-08-20,1.299038648605347,1.299038648605347,1.3044441938400269,1.297555446624756,1.29902184009552,0
2024-08-21,1.3035430908203125,1.3035430908203125,1.3078734874725342,1.301168441772461,1.303508996963501,0
2024-08-22,1.309346079826355,1.309346079826355,1.3129045963287354,1.308215618133545,1.3092947006225586,0
2024-08-23,1.3097747564315796,1.3097747564315796,1.3229963779449463,1.3092775344848633,1.3097577095031738,0
2024-08-26,1.3212658166885376,1.3212658166885376,1.3222440481185913,1.318252444267273,1.3214752674102783,0
2024-08-27,1.3191741704940796,1.3191741704940796,1.324591040611267,1.3180805444717407,1.3192107677459717,0
2024-08-28,1.3257501125335691,1.3257501125335691,1.326259970664978,1.3192611932754517,1.325644612312317,0
2024-08-29,1.319365620613098,1.319365620613098,1.3227006196975708,1.3146650791168213,1.3194527626037598,0
2024-08-30,1.3166210651397705,1.3166210651397705,1.32013201713562,1.3126460313796997,1.316516995429993,0
2024-09-02,1.3128528594970703,1.3128528594970703,1.3154432773590088,1.3120776414871216,1.3130769729614258,0
2024-09-03,1.314198613166809,1.314198613166809,1.3147515058517456,1.3090033531188965,1.3141123056411743,0
2024-09-04,1.3114066123962402,1.3114066123962402,1.317488431930542,1.3102381229400637,1.3113549947738647,0
2024-09-05,1.3144749402999878,1.3144749402999878,1.3188087940216064,1.3138878345489502,1.3144749402999878,0
2024-09-06,1.317748785018921,1.317748785018921,1.3234341144561768,1.3129907846450806,1.3177313804626465,0
2024-09-09,1.3133355379104614,1.3133355379104614,1.314388632774353,1.3071553707122805,1.313232183456421,0
2024-09-10,1.307138204574585,1.307138204574585,1.310753345489502,1.304988980293274,1.3069844245910645,0
2024-09-11,1.3080273866653442,1.3080273866653442,1.3111659288406372,1.3003225326538086,1.308215618133545,0
2024-09-12,1.3039510250091553,1.3039510250091553,1.3083868026733398,1.3032711744308472,1.3039170503616333,0
2024-09-13,1.313232183456421,1.313232183456421,1.3156856298446655,1.3116475343704224,1.313318371772766,0
2024-09-16,1.3137997388839722,1.3137997388839722,1.3213878870010376,1.3135944604873655,1.3135944604873655,0
2024-09-17,1.3210737705230713,1.3210737705230713,1.323031306266785,1.3159972429275513,1.3210737705230713,0
2024-09-18,1.3167423009872437,1.3167423009872437,1.3252933025360107,1.3156163692474363,1.316759705543518,0
2024-09-19,1.3201146125793457,1.3201146125793457,1.3311856985092163,1.3155124187469482,1.3203411102294922,0
2024-09-20,1.328179955482483,1.328179955482483,1.334133863449097,1.3270519971847534,1.328303575515747,0
2024-09-23,1.331398367881775,1.331398367881775,1.336023211479187,1.3251352310180664,1.3312742710113523,0
2024-09-24,1.334988713264465,1.334988713264465,1.339925765991211,1.3333333730697632,1.3349709510803225,0
2024-09-25,1.3427324295043943,1.3427324295043943,1.3429667949676514,1.3336889743804932,1.3427324295043943,0
2024-09-26,1.3315792083740234,1.3315792083740234,1.3432915210723877,1.331416130065918,1.331487059593201,0
2024-09-27,1.341381549835205,1.341381549835205,1.342822551727295,1.3361660242080688,1.3412017822265625,0
2024-09-30,1.338329792022705,1.338329792022705,1.3424620628356934,1.336308836936951,1.338329792022705,0
2024-10-01,1.3376137018203735,1.3376137018203735,1.339046597480774,1.326470971107483,1.3377926349639893,0
2024-10-02,1.327404260635376,1.327404260635376,1.3305480480194092,1.3248717784881592,1.3274747133255005,0
2024-10-03,1.326611876487732,1.326611876487732,1.3265414237976074,1.309431791305542,1.3263479471206665,0
2024-10-04,1.3130252361297607,1.3130252361297607,1.3175230026245115,1.3073091506958008,1.313042402267456,0
2024-10-07,1.3125253915786743,1.3125253915786743,1.313404560089111,1.3060115575790403,1.312404751777649,0
2024-10-08,1.3084723949432373,1.3084723949432373,1.31137216091156,1.3065404891967771,1.3086093664169312,0
2024-10-09,1.309483289718628,1.309483289718628,1.3103755712509155,1.305841088294983,1.309414625167847,0
2024-10-10,1.306830883026123,1.306830883026123,1.309346079826355,1.3027619123458862,1.306711196899414,0
2024-10-11,1.3062163591384888,1.3062163591384888,1.308215618133545,1.3043251037597656,1.306165099143982,0
2024-10-14,1.3049037456512451,1.3049037456512451,1.3072236776351929,1.303152322769165,1.3049379587173462,0
2024-10-15,1.3067454099655151,1.3067454099655151,1.310186743736267,1.3036279678344729,1.3068478107452393,0
2024-10-16,1.3065917491912842,1.3065917491912842,1.3077365159988403,1.2983640432357788,1.306557536125183,0
2024-10-17,1.29902184009552,1.29902184009552,1.302032470703125,1.2975890636444092,1.2991737127304075,0
2024-10-18,1.301574945449829,1.301574945449829,1.3068649768829346,1.301236271858215,1.301608681678772,0
2024-10-21,1.3052616119384766,1.3052616119384766,1.3053126335144043,1.2979763746261597,1.3051422834396362,0
2024-10-22,1.298296570777893,1.298296570777893,1.3015241622924805,1.2946492433547974,1.2983134984970093,0
2024-10-23,1.2982797622680664,1.2982797622680664,1.2996126413345337,1.2937614917755127,1.2981956005096436,0
2024-10-24,1.291372299194336,1.291372299194336,1.2986844778060913,1.2912222146987915,1.29163920879364,0
2024-10-25,1.2973365783691406,1.2973365783691406,1.2999167442321775,1.295706033706665,1.2974039316177368,0
2024-10-28,1.295823574066162,1.295823574066162,1.3000857830047607,1.294062852859497,1.295823574066162,0
2024-10-29,1.2974711656570437,1.2974711656570437,1.3007622957229614,1.2958402633666992,1.297555446624756,0
2024-10-30,1.3014055490493774,1.3014055490493774,1.3039339780807495,1.2939456701278689,1.301168441772461,0
2024-10-31,1.2959579229354858,1.2959579229354858,1.2998830080032349,1.2847524881362915,1.295873999595642,0
2024-11-01,1.2897733449935913,1.2897733449935913,1.2979259490966797,1.2885435819625854,1.2894740104675293,0
2024-11-04,1.2953401803970337,1.2953401803970337,1.3000519275665283,1.2936275005340576,1.295303225517273,0
2024-11-05,1.2954542636871338,1.2954542636871338,1.3021341562271118,1.2948838472366333,1.2953367233276367,0
2024-11-06,1.3043591976165771,1.3043591976165771,1.3043761253356934,1.2836312055587769,1.3040530681610107,0
2024-11-07,1.2883278131484983,1.2883278131484983,1.3009145259857178,1.287747144699097,1.2883278131484983,0
2024-11-08,1.2982292175292969,1.2982292175292969,1.2985326051712036,1.2903226613998413,1.2983640432357788,0
2024-11-11,1.2917059659957886,1.2917059659957886,1.292657732963562,1.2856611013412476,1.2915725708007812,0
2024-11-12,1.2874983549118042,1.2874983549118042,1.2874155044555664,1.273123025894165,1.2874155044555664,0
2024-11-13,1.2739177942276,1.2739177942276,1.276242733001709,1.2689549922943115,1.273739218711853,0
2024-11-14,1.27068030834198,1.27068030834198,1.2720379829406738,1.2631398439407349,1.2707772254943848,0
2024-11-15,1.266784906387329,1.266784906387329,1.269841194152832,1.2616068124771118,1.266640543937683,0
2024-11-18,1.261765956878662,1.261765956878662,1.2662235498428345,1.2614953517913818,1.2619729042053225,0
2024-11-19,1.2679253816604614,1.2679253816604614,1.2688745260238647,1.261479377746582,1.2679253816604614,0
2024-11-20,1.2694543600082395,1.2694543600082395,1.2714558839797974,1.2633121013641355,1.2694865465164185,0
2024-11-21,1.2655344009399414,1.2655344009399414,1.2661433219909668,1.2581623792648315,1.2655985355377195,0
2024-11-22,1.2584789991378784,1.2584789991378784,1.2594457864761353,1.248860478401184,1.25854229927063,0
2024-11-25,1.2593823671340942,1.2593823671340942,1.2612725496292114,1.2542331218719482,1.2589067220687866,0
2024-11-26,1.2533055543899536,1.2533055543899536,1.261654496192932,1.2508755922317505,1.25305438041687,0
2024-11-27,1.2573871612548828,1.2573871612548828,1.269293189048767,1.2567708492279053,1.2575452327728271,0
2024-11-28,1.2677645683288574,1.2677645683288574,1.2691482305526731,1.26457417011261,1.2674914598464966,0
2024-11-29,1.2696800231933594,1.2696800231933594,1.2748761177062988,1.2673628330230713,1.2696478366851809,0
2024-12-02,1.270163893699646,1.270163893699646,1.2722160816192627,1.2619411945343018,1.2705672979354858,0
2024-12-03,1.265854835510254,1.265854835510254,1.2696800231933594,1.264030694961548,1.265806794166565,0
2024-12-04,1.2674272060394287,1.2674272060394287,1.2717468738555908,1.2635835409164429,1.2674272060394287,0
2024-12-05,1.2701154947280884,1.2701154947280884,1.2770249843597412,1.269357681274414,1.2701315879821775,0
2024-12-06,1.2759333848953247,1.2759333848953247,1.2809674739837646,1.2731555700302124,1.2759333848953247,0
2024-12-09,1.2749296426773071,1.2749296426773071,1.2798033952713013,1.271779179573059,1.2746647596359253,0
2024-12-10,1.2749085426330566,1.2749085426330566,1.276650071144104,1.2725237607955933,1.274843454360962,0
2024-12-11,1.2780042886734009,1.2780042886734009,1.2782166004180908,1.2714719772338867,1.2780369520187378,0
2024-12-12,1.2766337394714355,1.2766337394714355,1.2787723541259766,1.267330765724182,1.276650071144104,0
2024-12-13,1.2677323818206787,1.2677323818206787,1.2679253816604614,1.2609069347381592,1.2675557136535645,0
2024-12-16,1.2627378702163696,1.2627378702163696,1.2696800231933594,1.262817621231079,1.2629451751708984,0
2024-12-17,1.269035577774048,1.269035577774048,1.2720541954040527,1.2667688131332395,1.2695188522338867,0
2024-12-18,1.2710840702056885,1.2710840702056885,1.2723132371902466,1.2680377960205078,1.2708903551101685,0
2024-12-19,1.2567708492279053,1.2567708492279053,1.2666244506835938,1.2526618242263794,1.2570394277572632,0
2024-12-20,1.2497968673706057,1.2497968673706057,1.25911283493042,1.2476201057434082,1.249750018119812,0
2024-12-23,1.256991982460022,1.256991982460022,1.2588117122650146,1.2510946989059448,1.2571974992752075,0
2024-12-24,1.2534469366073608,1.2534469366073608,1.257403016090393,1.2524266242980957,1.2533683776855469,0
2024-12-27,1.2529758214950562,1.2529758214950562,1.2591445446014404,1.2506722211837769,1.2529443502426147,0
2024-12-30,1.257880687713623,1.257880687713623,1.2607479095458984,1.2508130073547363,1.257956624031067,0
2024-12-31,1.254909873008728,1.254909873008728,1.256818175315857,1.2514861822128296,1.254900336265564,0
2025-01-02,1.2519248723983765,1.2519248723983765,1.2540757656097412,1.2360633611679075,1.2521003484725952,0
2025-01-03,1.2380222082138062,1.2380222082138062,1.2419891357421875,1.237884283065796,1.2380222082138062,0
2025-01-06,1.2426837682724,1.2426837682724,1.2550673484802246,1.241896629333496,1.24251389503479,0
2025-01-07,1.2510946989059448,1.2510946989059448,1.2576401233673096,1.2485017776489258,1.2510634660720823,0
2025-01-08,1.247785210609436,1.247785210609436,1.2494065761566162,1.2322555780410769,1.2476606369018557,0
2025-01-09,1.2359870672225952,1.2359870672225952,1.236644268035889,1.224589705467224,1.2359411716461182,0
2025-01-10,1.2299367189407349,1.2299367189407349,1.2321947813034058,1.2196757793426514,1.229906439781189,0
2025-01-13,1.220494508743286,1.220494508743286,1.2207627296447754,1.2101263999938965,1.2204201221466064,0
2025-01-14,1.2233314514160156,1.2233314514160156,1.224289894104004,1.2141668796539309,1.2231218814849854,0
2025-01-15,1.221344232559204,1.221344232559204,1.2306934595108032,1.216944694519043,1.2210757732391355,0
2025-01-16,1.2243348360061646,1.2243348360061646,1.2248448133468628,1.217700481414795,1.2243348360061646,0
2025-01-17,1.223690629005432,1.223690629005432,1.2244248390197754,1.2162491083145142,1.223466157913208,0
2025-01-20,1.2171002626419067,1.2171002626419067,1.232392191886902,1.216663479804993,1.2175670862197876,0
2025-01-21,1.233136773109436,1.233136773109436,1.2345222234725952,1.2231967449188232,1.2333194017410278,0
2025-01-22,1.2335399389266968,1.2335399389266968,1.2375471591949463,1.23093581199646,1.234126091003418,0
2025-01-23,1.231420874595642,1.231420874595642,1.235803723335266,1.2294225692749023,1.231569528579712,0
2025-01-24,1.2353914976119995,1.2353914976119995,1.2495627403259275,1.2350252866744995,1.235467791557312,0
2025-01-27,1.2459352016448977,1.2459352016448977,1.2523951530456543,1.242714524269104,1.2459661960601809,0
2025-01-28,1.2460592985153198,1.2460592985153198,1.2465718984603882,1.2416189908981323,1.2454074621200562,0
2025-01-29,1.244168043136597,1.244168043136597,1.2462767362594604,1.2394338846206665,1.2442607879638672,0
2025-01-30,1.245530128479004,1.245530128479004,1.2475829124450684,1.2425910234451294,1.2455161809921265,0
2025-01-31,1.2423903942108154,1.2423903942108154,1.2455471754074097,1.2388964891433716,1.2422515153884888,0
2025-02-03,1.2291958332061768,1.2291958332061768,1.2435336112976074,1.225039839744568,1.229135513305664,0
2025-02-04,1.2431780099868774,1.2431780099868774,1.2493128776550293,1.2382980585098269,1.2435646057128906,0
2025-02-05,1.2478163242340088,1.2478163242340088,1.2548468112945557,1.246463179588318,1.2477540969848633,0
2025-02-06,1.2504063844680786,1.2504063844680786,1.2509851455688477,1.236858367919922,1.2502344846725464,0
2025-02-07,1.2437502145767212,1.2437502145767212,1.2490476369857788,1.2389885187149048,1.243579983711243,0
2025-02-10,1.2391574382781982,1.2391574382781982,1.2421588897705078,1.237317442893982,1.2390345335006714,0
2025-02-11,1.2360633611679075,1.2360633611679075,1.2425756454467771,1.233456254005432,1.2361550331115725,0
2025-02-12,1.245159387588501,1.245159387588501,1.2464165687561035,1.237930178642273,1.24525249004364,0
2025-02-13,1.2450664043426514,1.2450664043426514,1.254028558731079,1.2444467544555664,1.2452058792114258,0
2025-02-14,1.2563445568084717,1.2563445568084717,1.263024926185608,1.2550673484802246,1.2567076683044434,0
2025-02-17,1.2584155797958374,1.2584155797958374,1.2613998651504517,1.2581149339675903,1.2584631443023682,0
2025-02-18,1.262148141860962,1.262148141860962,1.2623871564865112,1.2583681344985962,1.2621641159057615,0
2025-02-19,1.2625784873962402,1.2625784873962402,1.2639029026031494,1.2571184635162354,1.26262629032135,0
2025-02-20,1.2584155797958374,1.2584155797958374,1.2648781538009644,1.2581465244293213,1.2583839893341064,0
2025-02-21,1.267040133476257,1.267040133476257,1.2678771018981934,1.2631845474243164,1.2670094966888428,0
2025-02-24,1.2649900913238523,1.2649900913238523,1.269196629524231,1.2614158391952517,1.2649260759353638,0
2025-02-25,1.261781930923462,1.261781930923462,1.267812728881836,1.2609069347381592,1.2618932723999023,0
2025-02-26,1.2674431800842283,1.2674431800842283,1.270793318748474,1.2636793851852417,1.2673468589782717,0
2025-02-27,1.2682307958602903,1.2682307958602903,1.268890619277954,1.261702299118042,1.2681005001068115,0
2025-02-28,1.259890079498291,1.259890079498291,1.2622597217559814,1.2575136423110962,1.25979483127594,0
2025-03-03,1.260398268699646,1.260398268699646,1.2711325883865356,1.258447289466858,1.260159969329834,0
2025-03-04,1.270147681236267,1.270147681236267,1.2753963470458984,1.2679204940795898,1.270244598388672,0
2025-03-05,1.2794268131256104,1.2794268131256104,1.287813425064087,1.2768783569335938,1.2795741558074951,0
2025-03-06,1.2891913652420044,1.2891913652420044,1.292306900024414,1.286852240562439,1.2889920473098757,0
2025-03-07,1.288530349731445,1.288530349731445,1.2944984436035156,1.287697434425354,1.2883775234222412,0
2025-03-10,1.2932428121566772,1.2932428121566772,1.2946324348449707,1.2876144647598269,1.293326497077942,0
2025-03-11,1.2875481843948364,1.2875481843948364,1.2955213785171509,1.2873326539993286,1.287597894668579,0
2025-03-12,1.294481635093689,1.294481635093689,1.2988194227218628,1.2914507389068604,1.294481635093689,0
2025-03-13,1.2964283227920532,1.2964283227920532,1.2973533868789673,1.2922234535217283,1.2964956760406494,0
2025-03-14,1.2958402633666992,1.2958402633666992,1.2959076166152954,1.2912389039993286,1.2956725358963013,0
2025-03-17,1.2930588722229004,1.2930588722229004,1.2994775772094729,1.2927913665771484,1.2927913665771484,0
2025-03-18,1.2985326051712036,1.2985326051712036,1.3006099462509155,1.2954374551773071,1.2986000776290894,0
2025-03-19,1.3000519275665283,1.3000519275665283,1.3003731966018677,1.2955548763275146,1.3000519275665283,0
2025-03-20,1.3010668754577637,1.3010668754577637,1.3015241622924805,1.2937448024749756,1.3010668754577637,0
2025-03-21,1.2967981100082395,1.2967981100082395,1.297117829322815,1.2891415357589722,1.2966468334197998,0
2025-03-24,1.2924572229385376,1.2924572229385376,1.2972356081008911,1.290988802909851,1.2925240993499756,0
2025-03-25,1.2924238443374634,1.2924238443374634,1.2960922718048096,1.2904558181762695,1.292290210723877,0
2025-03-26,1.2943308353424072,1.2943308353424072,1.294732928276062,1.2876144647598269,1.2945318222045898,0
2025-03-27,1.2877637147903442,1.2877637147903442,1.2992243766784668,1.2877304553985596,1.2877304553985596,0
2025-03-28,1.295202612876892,1.295202612876892,1.2968822717666626,1.2923569679260254,1.2951186895370483,0
2025-03-31,1.2938284873962402,1.2938284873962402,1.2972524166107178,1.2890751361846924,1.2939958572387695,0
2025-04-01,1.292089819908142,1.292089819908142,1.2940963506698608,1.2880107164382937,1.2919896841049194,0
2025-04-02,1.292306900024414,1.292306900024414,1.2979763746261597,1.2903059720993042,1.292240023612976,0
2025-04-03,1.3046314716339111,1.3046314716339111,1.3204457759857178,1.3028467893600464,1.3044782876968384,0
2025-04-04,1.308866262435913,1.308866262435913,1.3112174272537231,1.291555881500244,1.3090033531188965,0
2025-04-07,1.2910722494125366,1.2910722494125366,1.293359875679016,1.2722808122634888,1.2912389039993286,0
2025-04-08,1.2734960317611694,1.2734960317611694,1.2795906066894531,1.2726532220840454,1.2738852500915527,0
2025-04-09,1.2790995836257937,1.2790995836257937,1.2860578298568726,1.2753963470458984,1.278756022453308,0
2025-04-10,1.2825446128845217,1.2825446128845217,1.2978248596191406,1.2824294567108154,1.2826762199401855,0
2025-04-11,1.2992074489593506,1.2992074489593506,1.3142850399017334,1.298751950263977,1.2994269132614136,0
2025-04-14,1.3085237741470337,1.3085237741470337,1.320166826248169,1.3085750341415403,1.309088945388794,0
2025-04-15,1.3174536228179932,1.3174536228179932,1.3251878023147583,1.3166210651397705,1.3173494338989258,0
2025-04-16,1.323101282119751,1.323101282119751,1.329256892204285,1.3228038549423218,1.3231889009475708,0
2025-04-17,1.3233989477157593,1.3233989477157593,1.327351450920105,1.3205852508544922,1.323328971862793,0
2025-04-22,1.3379716873168943,1.3379716873168943,1.34217369556427,1.3358268737792969,1.3381506204605105,0
2025-04-23,1.327316164970398,1.327316164970398,1.3339202404022217,1.3253458738327026,1.327316164970398,0
2025-04-24,1.326453447341919,1.326453447341919,1.3330844640731812,1.3261016607284546,1.3265414237976074,0
2025-04-25,1.3326226472854614,1.3326226472854614,1.3330134153366089,1.327492356300354,1.332746982574463,0
2025-04-28,1.3290096521377563,1.3290096521377563,1.3419395685195925,1.3281270265579224,1.3290096521377563,0
2025-04-29,1.3436164855957031,1.3436164855957031,1.3442305326461792,1.3381506204605105,1.343508243560791,0
2025-04-30,1.3410794734954834,1.3410794734954834,1.3414356708526611,1.331061601638794,1.3412736654281616,0
2025-05-01,1.3323917388916016,1.3323917388916016,1.3345255851745603,1.3265942335128784,1.3321610689163208,0
2025-05-02,1.328638792037964,1.328638792037964,1.333066701889038,1.3267878293991089,1.3286564350128174,0
2025-05-05,1.3271929025650024,1.3271929025650024,1.3336178064346311,1.3262423276901243,1.327087163925171,0
2025-05-06,1.329256892204285,1.329256892204285,1.3400514125823977,1.3262248039245603,1.32902729511261,0
2025-05-07,1.335594892501831,1.335594892501831,1.3377031087875366,1.3324273824691772,1.335309624671936,0
2025-05-08,1.3294159173965454,1.3294159173965454,1.3357020616531372,1.3251526355743408,1.3291332721710205,0
2025-05-09,1.323539137840271,1.323539137840271,1.331788420677185,1.3213530778884888,1.324082374572754,0
2025-05-12,1.3289036750793457,1.3289036750793457,1.3299640417099,1.314198613166809,1.328479886054993,0
2025-05-13,1.3177834749221802,1.3177834749221802,1.3281270265579224,1.317540407180786,1.317835569381714,0
2025-05-14,1.3304418325424194,1.3304418325424194,1.3360588550567627,1.3287447690963743,1.3304595947265625,0
2025-05-15,1.3263479471206665,1.3263479471206665,1.3318772315979004,1.326066493988037,1.326435923576355,0
2025-05-16,1.3306896686553955,1.3306896686553955,1.333191156387329,1.325468897819519,1.3303179740905762,0
2025-05-19,1.3305498361587524,1.3305498361587524,1.3403388261795044,1.329186201095581,1.3305658102035522,0
2025-05-20,1.3360053300857544,1.3360053300857544,1.339620590209961,1.3335466384887695,1.3359695672988892,0
2025-05-21,1.3397821187973022,1.3397821187973022,1.3468012809753418,1.3389748334884644,1.3398540019989014,0
2025-05-22,1.3419036865234375,1.3419036865234375,1.3441040515899658,1.3392080068588257,1.3422459363937378,0
2025-05-23,1.3419216871261597,1.3419216871261597,1.3533447980880735,1.3419395685195925,1.3421378135681152,0
2025-05-26,1.3535828590393066,1.3535828590393066,1.3592866659164429,1.3537662029266355,1.3537845611572266,0
2025-05-27,1.3565207719802856,1.3565207719802856,1.3587141036987305,1.3501471281051636,1.3566679954528809,0
2025-05-28,1.3513330221176147,1.3513330221176147,1.3522467613220217,1.3451164960861206,1.351515769958496,0
2025-05-29,1.3431472778320312,1.3431472778320312,1.3507490158081057,1.3421016931533811,1.3426964282989502,0
2025-05-30,1.3498992919921875,1.3498992919921875,1.3511505126953125,1.3450984954833984,1.3499648571014404,0
2025-06-02,1.346728801727295,1.346728801727295,1.355968952178955,1.3469464778900146,1.3469464778900146,0
2025-06-03,1.3556748628616333,1.3556748628616333,1.355821967124939,1.3494731187820437,1.355730056762695,0
2025-06-04,1.353143334388733,1.353143334388733,1.358105182647705,1.3502565622329712,1.3531616926193235,0
2025-06-05,1.355215549468994,1.355215549468994,1.3617299795150757,1.354132890701294,1.3551788330078125,0
2025-06-06,1.3579576015472412,1.3579576015472412,1.358540654182434,1.3508037328720093,1.357994556427002,0
2025-06-09,1.3538211584091189,1.3538211584091189,1.3581604957580566,1.3524478673934937,1.3537296056747437,0
2025-06-10,1.3556748628616333,1.3556748628616333,1.3564839363098145,1.3458950519561768,1.355380892753601,0
2025-06-11,1.3508219718933103,1.3508219718933103,1.355730056762695,1.3464748859405518,1.350858449935913,0
2025-06-12,1.3567416667938232,1.3567416667938232,1.3623607158660889,1.3526124954223633,1.3568705320358276,0
2025-06-13,1.3627691268920898,1.3627691268920898,1.3632521629333496,1.3517167568206787,1.36306631565094,0
2025-06-16,1.3557006120681765,1.3557006120681765,1.362323522567749,1.3536012172698977,1.3547013998031616,0
2025-06-17,1.3565576076507568,1.3565576076507568,1.3580129146575928,1.3497644662857056,1.3568521738052368,0
2025-06-18,1.3430029153823853,1.3430029153823853,1.3477089405059814,1.3427865505218506,1.343075156211853,0
2025-06-19,1.3416515588760376,1.3416515588760376,1.3450080156326294,1.3383835554122925,1.3415075540542605,0
2025-06-20,1.3476725816726685,1.3476725816726685,1.3511322736740112,1.3456052541732788,1.3478723764419556,0
2025-06-23,1.3435983657836914,1.3435983657836914,1.350530028343201,1.3373453617095947,1.3436886072158811,0
2025-06-24,1.3545364141464231,1.3545364141464231,1.3646661043167114,1.353747844696045,1.3546464443206787,0
2025-06-25,1.361488938331604,1.361488938331604,1.3634381294250488,1.359249711036682,1.361488938331604,0
2025-06-26,1.369187831878662,1.369187831878662,1.3764814138412476,1.3678767681121826,1.369131565093994,0
2025-06-27,1.37247633934021,1.37247633934021,1.3751753568649292,1.3705388307571411,1.3726835250854492,0
2025-06-30,1.3719680309295654,1.3719680309295654,1.3741360902786257,1.3676148653030396,1.372062087059021,0
2025-07-01,1.3730605840682983,1.3730605840682983,1.378872990608215,1.3705388307571411,1.373437762260437,0
2025-07-02,1.374721646308899,1.374721646308899,1.3753266334533691,1.356760025024414,1.374721646308899,0
2025-07-03,1.3650014400482178,1.3650014400482178,1.3675214052200315,1.359194278717041,1.3651504516601562,0
2025-07-04,1.366829752922058,1.366829752922058,1.3681762218475342,1.3635309934616089,1.3666430711746216,0
2025-07-07,1.3651504516601562,1.3651504516601562,1.3657844066619873,1.3575890064239502,1.365075945854187,0
2025-07-08,1.3623607158660889,1.3623607158660889,1.3646661043167114,1.3528138399124146,1.3625463247299194,0
2025-07-09,1.358529567718506,1.358529567718506,1.3618227243423462,1.3566128015518188,1.358529567718506,0
2025-07-10,1.3593051433563232,1.3593051433563232,1.3620266914367676,1.3534363508224487,1.3597116470336914,0
2025-07-11,1.3579576015472412,1.3579576015472412,1.3581236600875854,1.348381280899048,1.3580313920974731,0
2025-07-14,1.3493820428848269,1.3493820428848269,1.3504753112792969,1.343273639678955,1.3497098684310913,0
2025-07-15,1.3428045511245728,1.3428045511245728,1.3466562032699585,1.3382043838500977,1.3427324295043943,0
2025-07-16,1.3393335342407229,1.3393335342407229,1.3477270603179932,1.3367375135421753,1.3394231796264648,0
2025-07-17,1.3411099910736084,1.3411099910736084,1.3418675661087036,1.337595820426941,1.341075778007507,0
2025-07-18,1.3432555198669434,1.3432555198669434,1.347490906715393,1.3411656618118286,1.3431472778320312,0
2025-07-21,1.341597557067871,1.341597557067871,1.3510043621063232,1.3403208255767822,1.3416335582733154,0
2025-07-22,1.348945140838623,1.348945140838623,1.3520090579986572,1.3463118076324463,1.348945140838623,0
2025-07-23,1.352155327796936,1.352155327796936,1.3575890064239502,1.3517167568206787,1.3521736860275269,0
2025-07-24,1.3579576015472412,1.3579576015472412,1.3588987588882446,1.3523746728897097,1.3579576015472412,0
2025-07-25,1.3510043621063232,1.3510043621063232,1.3512235879898071,1.341813564300537,1.3509862422943115,0
2025-07-28,1.344085931777954,1.344085931777954,1.3453338146209717,1.3392258882522583,1.3439956903457642,0
2025-07-29,1.336023211479187,1.336023211479187,1.3362016677856443,1.330866813659668,1.3358447551727295,0
2025-07-30,1.3353630304336548,1.3353630304336548,1.3385447263717651,1.3272985219955444,1.3356127738952637,0
2025-07-31,1.3257676362991333,1.3257676362991333,1.32821524143219,1.3188261985778809,1.325556755065918,0
2025-08-01,1.32098650932312,1.32098650932312,1.3305480480194092,1.314405918121338,1.3207422494888306,0
2025-08-04,1.3289920091629028,1.3289920091629028,1.3330844640731812,1.325468897819519,1.3292216062545776,0
2025-08-05,1.3297518491744995,1.3297518491744995,1.3309553861618042,1.3263126611709597,1.3299994468688965,0
2025-08-06,1.3299463987350464,1.3299463987350464,1.3358982801437378,1.3283387422561646,1.3298580646514893,0
2025-08-07,1.3357912302017212,1.3357912302017212,1.3437248468399048,1.3347570896148682,1.3357733488082886,0
2025-08-08,1.345152735710144,1.345152735710144,1.3454785346984863,1.3419936895370483,1.345188856124878,0
2025-08-11,1.3444474935531616,1.3444474935531616,1.3476543426513672,1.3400335311889648,1.3443931341171265,0
2025-08-12,1.3435261249542236,1.3435261249542236,1.3523930311203003,1.342227816581726,1.3434358835220337,0
2025-08-13,1.3504207134246826,1.3504207134246826,1.3585110902786257,1.3494184017181396,1.350530028343201,0
2025-08-14,1.358529567718506,1.358529567718506,1.3594529628753662,1.3529237508773804,1.3585665225982666,0
2025-08-15,1.3530701398849487,1.3530701398849487,1.3575520515441897,1.3528321981430054,1.3530151844024658,0
2025-08-18,1.3556381464004517,1.3556381464004517,1.3565999269485474,1.3512965440750122,1.355766773223877,0
2025-08-19,1.3508219718933103,1.3508219718933103,1.3531067371368408,1.3488178253173828,1.3508037328720093,0
2025-08-20,1.348679542541504,1.348679542541504,1.3508949279785156,1.3448994159698486,1.3485630750656128,0
2025-08-21,1.3466380834579468,1.3466380834579468,1.348308563232422,1.3410218954086304,1.346619963645935,0
2025-08-22,1.3419395685195925,1.3419395685195925,1.3543713092803955,1.3391542434692385,1.341687560081482,0
2025-08-25,1.35111403465271,1.35111403465271,1.3528138399124146,1.348435878753662,1.3509807586669922,0
2025-08-26,1.3453518152236938,1.3453518152236938,1.3492727279663086,1.343508243560791,1.3454241752624512,0
2025-08-27,1.3478723764419556,1.3478723764419556,1.3478542566299438,1.3418315649032593,1.3477907180786133,0
2025-08-28,1.3503841161727903,1.3503841161727903,1.3528138399124146,1.3485267162322998,1.3504753112792969,0
2025-08-29,1.35111403465271,1.35111403465271,1.351387858390808,1.3448452949523926,1.3509862422943115,0
2025-09-01,1.3503841161727903,1.3503841161727903,1.354958415031433,1.3503658771514893,1.3504207134246826,0
2025-09-02,1.3547931909561155,1.3547931909561155,1.3548849821090698,1.3341693878173828,1.3547013998031616,0
2025-09-03,1.3383476734161377,1.3383476734161377,1.3453338146209717,1.3336355686187744,1.33836567401886,0
2025-09-04,1.3441582918167114,1.3441582918167114,1.345858812332153,1.341795563697815,1.344212532043457,0
2025-09-05,1.3444474935531616,1.3444474935531616,1.3554543256759644,1.344266653060913,1.3444474935531616,0
2025-09-08,1.34929096698761,1.34929096698761,1.3556381464004517,1.3484903573989868,1.3492181301116943,0
2025-09-09,1.3553073406219482,1.3553073406219482,1.3591573238372805,1.3525211811065674,1.3552706241607666,0
2025-09-10,1.352109670639038,1.352109670639038,1.3561527729034424,1.3516253232955933,1.3520822525024414,0
2025-09-11,1.3534730672836304,1.3534730672836304,1.3577916622161863,1.3495277166366575,1.3532531261444092,0
2025-09-12,1.3576626777648926,1.3576626777648926,1.3576072454452517,1.3525211811065674,1.3574045896530151,0
2025-09-15,1.35534405708313,1.35534405708313,1.3619710206985474,1.3549401760101318,1.3555278778076172,0
2025-09-16,1.3602666854858398,1.3602666854858398,1.3670727014541626,1.3598780632019043,1.3601741790771484,0
2025-09-17,1.365392804145813,1.365392804145813,1.366923213005066,1.36314058303833,1.3654673099517822,0
2025-09-18,1.36297345161438,1.36297345161438,1.3657469749450684,1.353637933731079,1.3628991842269895,0
2025-09-19,1.3556013107299805,1.3556013107299805,1.3559303283691406,1.3465837240219116,1.3555645942687988,0
2025-09-22,1.3464748859405518,1.3464748859405518,1.3513513803482056,1.3453699350357056,1.346293568611145,0
2025-09-23,1.3514974117279053,1.3514974117279053,1.3536012172698977,1.3490725755691528,1.351387858390808,0
2025-09-24,1.3524478673934937,1.3524478673934937,1.3526124954223633,1.3428767919540403,1.3526124954223633,0
2025-09-25,1.3452396392822266,1.3452396392822266,1.346619963645935,1.3342405557632446,1.3450080156326294,0
2025-09-26,1.333653450012207,1.333653450012207,1.341381549835205,1.3331378698349,1.3335111141204834,0
2025-09-29,1.3408241271972656,1.3408241271972656,1.3456052541732788,1.3407701253890991,1.3407701253890991,0
2025-09-30,1.3437248468399048,1.3437248468399048,1.3465837240219116,1.341579556465149,1.3435298204421997,0
2025-10-01,1.3443390130996704,1.3443390130996704,1.352594256401062,1.343562364578247,1.3441762924194336,0
2025-10-02,1.3480178117752075,1.3480178117752075,1.3509862422943115,1.3401951789855957,1.347781538963318,0
2025-10-03,1.3446643352508545,1.3446643352508545,1.348435878753662,1.342984914779663,1.3445920944213867,0
2025-10-06,1.3433817625045776,1.3433817625045776,1.348435878753662,1.341795563697815,1.3433457612991333,0
2025-10-07,1.3484903573989868,1.3484903573989868,1.3484539985656738,1.339441180229187,1.348435878753662,0
2025-10-08,1.3421016931533811,1.3421016931533811,1.3438512086868286,1.3385089635849,1.3421016931533811,0
2025-10-09,1.3401411771774292,1.3401411771774292,1.3419756889343262,1.3292216062545776,1.340015530586243,0
2025-10-10,1.3304948806762695,1.3304948806762695,1.3359339237213137,1.326664686203003,1.3303710222244265,0
2025-10-13,1.3336178064346311,1.3336178064346311,1.3366124629974363,1.331611156463623,1.3338135480880735,0
2025-10-14,1.3332622051239014,1.3332622051239014,1.3352917432785034,1.325065016746521,1.3333511352539062,0
2025-10-15,1.3321610689163208,1.3321610689163208,1.340356707572937,1.3321077823638916,1.3321077823638916,0
2025-10-16,1.3404465913772583,1.3404465913772583,1.3454241752624512,1.3400694131851196,1.3402310609817505,0
2025-10-17,1.3445558547973633,1.3445558547973633,1.3473457098007202,1.3392438888549805,1.3444474935531616,0
2025-10-20,1.342588186264038,1.342588186264038,1.3444474935531616,1.339943766593933,1.3426783084869385,0
2025-10-21,1.3405184745788574,1.3405184745788574,1.3417415618896484,1.3361302614212036,1.3403927087783811,0
2025-10-22,1.336523175239563,1.336523175239563,1.33872389793396,1.330672025680542,1.3366659879684448,0
2025-10-23,1.3351848125457764,1.3351848125457764,1.3357733488082886,1.3311856985092163,1.335024356842041,0
2025-10-24,1.332746982574463,1.332746982574463,1.3358982801437378,1.3293275833129885,1.3327292203903198,0
2025-10-27,1.3322391510009766,1.3322391510009766,1.335220456123352,1.3311147689819336,1.332356333732605,0
2025-10-28,1.3341000080108645,1.3341000080108645,1.337005615234375,1.32501220703125,1.3339380025863647,0
2025-10-29,1.3279330730438232,1.3279330730438232,1.3280742168426514,1.3197661638259888,1.3278449773788452,0
2025-10-30,1.3195397853851318,1.3195397853851318,1.3219294548034668,1.311785101890564,1.319400429725647,0
2025-10-31,1.3159106969833374,1.3159106969833374,1.3165291547775269,1.3099464178085327,1.3160146474838257,0
2025-11-03,1.3134735822677612,1.3134735822677612,1.315028190612793,1.3110971450805664,1.3136461973190308,0
2025-11-04,1.3135254383087158,1.3135254383087158,1.3140604496002195,1.3035770654678345,1.3131803274154663,0
2025-11-05,1.3021697998046875,1.3021697998046875,1.3051422834396362,1.301168441772461,1.30218505859375,0
2025-11-06,1.3052598237991333,1.3052598237991333,1.312404751777649,1.3051507472991943,1.3052785396575928,0
2025-11-07,1.3140950202941897,1.3140950202941897,1.3174536228179932,1.3095518350601196,1.3140604496002195,0
2025-11-10,1.3142677545547483,1.3142677545547483,1.319087266921997,1.3138360977172852,1.3150626420974731,0
2025-11-11,1.3172974586486816,1.3172974586486816,1.31835675239563,1.3117679357528689,1.317314863204956,0
2025-11-12,1.3152875900268557,1.3152875900268557,1.315598964691162,1.3085922002792358,1.3152875900268557,0
2025-11-13,1.3127838373184204,1.3127838373184204,1.3213530778884888,1.3104099035263062,1.3130252361297607,0
2025-11-14,1.3152183294296265,1.3152183294296265,1.3192263841629028,1.3108221292495728,1.3153568506240845,0
2025-11-17,1.3160146474838257,1.3160146474838257,1.319330811500549,1.3137152194976809,1.3157376050949097,0
2025-11-18,1.3156163692474363,1.3156163692474363,1.3175750970840454,1.3136979341506958,1.3153740167617798,0
2025-11-19,1.3147515058517456,1.3147515058517456,1.3156682252883911,1.3069674968719482,1.3147515058517456,0
2025-11-20,1.3061821460723877,1.3061821460723877,1.3121638298034668,1.3039339780807495,1.3060967922210691,0
2025-11-21,1.308489441871643,1.308489441871643,1.310289740562439,1.304036021232605,1.3083696365356443,0
2025-11-24,1.3096375465393066,1.3096375465393066,1.3118194341659546,1.3081300258636477,1.3096890449523926,0
2025-11-25,1.3106160163879397,1.3106160163879397,1.3195570707321167,1.3096497058868408,1.3106160163879397,0
2025-11-26,1.315870761871338,1.315870761871338,1.323591709136963,1.312594294548035,1.3161011934280396,0
2025-11-27,1.3244997262954712,1.3244997262954712,1.3269639015197754,1.3210737705230713,1.3245033025741575,0
2025-11-28,1.3241175413131714,1.3241175413131714,1.3250824213027954,1.3201842308044434,1.3241350650787354,0
2025-12-01,1.32397723197937,1.32397723197937,1.3274747133255005,1.3208295106887815,1.324082374572754,0
2025-12-02,1.320934176445007,1.320934176445007,1.322226643562317,1.3181829452514648,1.32098650932312,0
2025-12-03,1.3219469785690308,1.3219469785690308,1.3347214460372925,1.3218246698379517,1.3220866918563845,0
2025-12-04,1.3348817825317385,1.3348817825317385,1.3384193181991575,1.3324450254440308,1.3346858024597168,0
2025-12-05,1.332178831100464,1.332178831100464,1.3362374305725098,1.3318772315979004,1.3323917388916016,0
2025-12-08,1.3324593305587769,1.3324593305587769,1.3347214460372925,1.3307782411575315,1.3326581716537476,0
2025-12-09,1.3326793909072876,1.3326793909072876,1.335505723953247,1.32902729511261,1.3329778909683228,0
2025-12-10,1.3303532600402832,1.3303532600402832,1.3340448141098022,1.3297696113586426,1.3303604125976562,0
2025-12-11,1.3388315439224243,1.3388315439224243,1.3437970876693726,1.335594892501831,1.3389031887054443,0
2025-12-12,1.339046597480774,1.339046597480774,1.3400335311889648,1.3344007730484009,1.3393874168395996,0
2025-12-15,1.3367732763290403,1.3367732763290403,1.3401411771774292,1.3354700803756714,1.336844801902771,0
2025-12-16,1.3380612134933472,1.3380612134933472,1.345406174659729,1.335666298866272,1.3379716873168943,0
2025-12-17,1.342499852180481,1.342499852180481,1.3426424264907837,1.3313628435134888,1.342624306678772,0
2025-12-18,1.3374598026275637,1.3374598026275637,1.3445378541946411,1.3342405557632446,1.3374526500701904,0
2025-12-19,1.3385393619537354,1.3385393619537354,1.338741898536682,1.3357733488082886,1.3384193181991575,0
2025-12-22,1.3377031087875366,1.3377031087875366,1.346728801727295,1.3380074501037598,1.3380074501037598,0
2025-12-23,1.346989989280701,1.346989989280701,1.3520638942718506,1.34689199924469,1.34689199924469,0
2025-12-24,1.3513604402542114,1.3513604402542114,1.3535462617874146,1.3493820428848269,1.351387858390808,0
2025-12-29,1.349727988243103,1.349727988243103,1.3513513803482056,1.347127914428711,1.350074291229248,0
2025-12-30,1.3510993719100952,1.3510993719100952,1.3530151844024658,1.3451708555221558,1.3509862422943115,0
2025-12-31,1.346719741821289,1.346719741821289,1.3476543426513672,1.3403388261795044,1.34678316116333,0
2026-01-02,1.347363829612732,1.347363829612732,1.3501653671264648,1.3435261249542236,1.347490906715393,0
2026-01-05,1.3437970876693726,1.3437970876693726,1.35255765914917,1.3415435552597046,1.3439414501190186,0
2026-01-06,1.3533997535705566,1.3533997535705566,1.356815218925476,1.34929096698761,1.3534547090530396,0
2026-01-07,1.3500559329986572,1.3500559329986572,1.3517532348632812,1.3470189571380615,1.3500378131866455,0
2026-01-08,1.3459312915802002,1.3459312915802002,1.3466380834579468,1.3417595624923706,1.345949411392212,0
2026-01-09,1.3438005447387695,1.3438005447387695,1.3447185754776,1.3394052982330322,1.3435803651809692,0
2026-01-12,1.3394231796264648,1.3394231796264648,1.34865403175354,1.3392258882522583,1.339441180229187,0
2026-01-13,1.3465656042099,1.3465656042099,1.3488723039627075,1.3426603078842163,1.346619963645935,0
2026-01-14,1.3426783084869385,1.3426783084869385,1.3462574481964111,1.342065691947937,1.342570185661316,0
2026-01-15,1.344266653060913,1.344266653060913,1.3446643352508545,1.3365589380264282,1.3440680503845217,0
2026-01-16,1.3381328582763672,1.3381328582763672,1.3412916660308838,1.3367375135421753,1.338186502456665,0
2026-01-19,1.3404287099838257,1.3404287099838257,1.3433637619018557,1.3382043838500977,1.3403388261795044,0
2026-01-20,1.3418315649032593,1.3418315649032593,1.34916353225708,1.3410991430282593,1.3419216871261597,0
2026-01-21,1.344085931777954,1.344085931777954,1.345858812332153,1.3402490615844729,1.3439956903457642,0
2026-01-22,1.3419395685195925,1.3419395685195925,1.349800944328308,1.3410578966140747,1.3417415618896484,0
2026-01-23,1.3501288890838623,1.3501288890838623,1.3597116470336914,1.3483449220657349,1.350001335144043,0
2026-01-26,1.3662508726119995,1.3662508726119995,1.3712530136108398,1.3643310070037842,1.3662508726119995,0
2026-01-27,1.3677457571029663,1.3677457571029663,1.3790820837020874,1.3665122985839844,1.3675214052200315,0
2026-01-28,1.3824374675750732,1.3824374675750732,1.3829345703125,1.3751943111419678,1.3825522661209106,0
2026-01-29,1.382533073425293,1.382533073425293,1.384677171707153,1.3748350143432615,1.382341980934143,0
2026-01-30,1.380643367767334,1.380643367767334,1.3814444541931152,1.371478796005249,1.3809102773666382,0
2026-02-02,1.3679141998291016,1.3679141998291016,1.371441125869751,1.36275053024292,1.3681013584136963,0
2026-02-03,1.367315649986267,1.367315649986267,1.3707268238067627,1.3652622699737549,1.3674278259277344,0
2026-02-04,1.3697504997253418,1.3697504997253418,1.3733245134353638,1.3644241094589231,1.3697504997253418,0
2026-02-05,1.3644611835479736,1.3644611835479736,1.3654673099517822,1.3521188497543335,1.364628791809082,0
2026-02-06,1.3520822525024414,1.3520822525024414,1.3615630865097046,1.3509862422943115,1.3521188497543335,0
2026-02-09,1.3608959913253784,1.3608959913253784,1.3691691160202026,1.358861804008484,1.360858917236328,0
2026-02-10,1.368344783782959,1.368344783782959,1.3698630332946775,1.3653740882873535,1.3683072328567505,0
2026-02-11,1.3634566068649292,1.3634566068649292,1.371290683746338,1.361952543258667,1.3633265495300293,0
2026-02-12,1.362399697303772,1.362399697303772,1.367128849029541,1.360544204711914,1.3623793125152588,0
2026-02-13,1.3620266914367676,1.3620266914367676,1.364628791809082,1.3592127561569214,1.361952543258667,0
2026-02-16,1.3647778034210205,1.3647778034210205,1.3662508726119995,1.3627134561538696,1.3647406101226809,0
2026-02-17,1.3627691268920898,1.3627691268920898,1.3629549741744995,1.349800944328308,1.36286199092865,0
2026-02-18,1.3564472198486328,1.3564472198486328,1.3582342863082886,1.3534547090530396,1.3564103841781616,0
2026-02-19,1.349582314491272,1.349582314491272,1.3517532348632812,1.3435261249542236,1.349545955657959,0
2026-02-20,1.3461124897003174,1.3461124897003174,1.3514243364334106,1.3436344861984253,1.346058011054993,0
2026-02-23,1.3533265590667725,1.3533265590667725,1.3535646200180054,1.347781538963318,1.352868676185608,0
2026-02-24,1.34969162940979,1.34969162940979,1.353747844696045,1.3471460342407229,1.3496370315551758,0
2026-02-25,1.3497462272644043,1.3497462272644043,1.3551236391067505,1.349199891090393,1.3496370315551758,0
2026-02-26,1.3558034896850586,1.3558034896850586,1.3574045896530151,1.3497098684310913,1.355821967124939,0
2026-02-27,1.3491452932357788,1.3491452932357788,1.350548267364502,1.3441762924194336,1.3492363691329956,0
2026-03-02,1.3406623601913452,1.3406623601913452,1.3456594944000244,1.3316820859909058,1.340752124786377,0
2026-03-03,1.3410578966140747,1.3410578966140747,1.3425161838531494,1.325486421585083,1.3408960103988647,0
2026-03-04,1.3353630304336548,1.3353630304336548,1.3404645919799805,1.3305480480194092,1.335309624671936,0
2026-03-05,1.3369520902633667,1.3369520902633667,1.3386342525482178,1.3301233053207395,1.3369520902633667,0
2026-03-06,1.3357375860214231,1.3357375860214231,1.3408780097961426,1.3313806056976318,1.3356841802597046,0
2026-03-09,1.330105543136597,1.330105543136597,1.3398720026016235,1.3284975290298462,1.3307074308395386,0
2026-03-10,1.3424980640411377,1.3424980640411377,1.3481448888778689,1.3415075540542605,1.342390060424805,0
2026-03-11,1.3419036865234375,1.3419036865234375,1.3457320928573608,1.3395847082138062,1.3421918153762815,0
2026-03-12,1.338186502456665,1.338186502456665,1.3409498929977417,1.3341693878173828,1.3380612134933472,0
2026-03-13,1.335250735282898,1.335250735282898,1.336969971656799,1.323364019393921,1.335238337516785,0
2026-03-16,1.3247665166854858,1.3247665166854858,1.3316465616226196,1.3232413530349731,1.3249244689941406,0
2026-03-17,1.3314337730407717,1.3314337730407717,1.3358982801437378,1.3274219036102295,1.3312742710113523,0
2026-03-18,1.335951805114746,1.335951805114746,1.3376137018203735,1.3306366205215454,1.3357912302017212,0
2026-03-19,1.32650625705719,1.32650625705719,1.3388315439224243,1.3249069452285769,1.326435923576355,0
2026-03-20,1.342570185661316,1.342570185661316,1.3436344861984253,1.3302825689315796,1.3424620628356934,0
2026-03-23,1.3331555128097534,1.3331555128097534,1.347636342048645,1.325996160507202,1.3334755897521973,0
2026-03-24,1.342426061630249,1.342426061630249,1.3444112539291382,1.3367732763290403,1.342570185661316,0
2026-03-25,1.3416335582733154,1.3416335582733154,1.3436164855957031,1.3361302614212036,1.341471552848816,0
2026-03-26,1.336362361907959,1.336362361907959,1.337595820426941,1.332356333732605,1.336362361907959,0
2026-03-27,1.333564519882202,1.333564519882202,1.3347997665405271,1.327527642250061,1.3336195945739746,0
2026-03-30,1.3238370418548584,1.3238370418548584,1.3281975984573364,1.3175925016403198,1.323784351348877,0
2026-03-31,1.3172800540924072,1.3172800540924072,1.326330304145813,1.316118597984314,1.3173494338989258,0
2026-04-01,1.324327826499939,1.324327826499939,1.3336000442504885,1.3222790956497192,1.324099898338318,0
2026-04-02,1.3302648067474363,1.3302648067474363,1.3314515352249146,1.3183915615081787,1.3302825689315796,0
2026-04-03,1.323031306266785,1.323031306266785,1.3245033025741575,1.3197835683822632,1.323364019393921,0
2026-04-06,1.318634867668152,1.318634867668152,1.3268407583236694,1.318913221359253,1.318913221359253,0
2026-04-07,1.3234164714813232,1.3234164714813232,1.3285505771636963,1.3212482929229736,1.323328971862793,0
2026-04-08,1.3401771783828735,1.3401771783828735,1.3484176397323608,1.3380969762802124,1.3402490615844729,0
2026-04-09,1.3394052982330322,1.3394052982330322,1.3443931341171265,1.3382043838500977,1.3394052982330322,0
2026-04-10,1.3430029153823853,1.3430029153823853,1.3479087352752686,1.3412736654281616,1.343021035194397,0
2026-04-13,1.339441180229187,1.339441180229187,1.3465473651885986,1.3386881351470947,1.3389569520950315,0
2026-04-14,1.3515340089797974,1.3515340089797974,1.3588987588882446,1.3504297733306885,1.351186990737915,0
2026-04-15,1.357533574104309,1.357533574104309,1.3579576015472412,1.3544628620147705,1.357478380203247,0
2026-04-16,1.3573696613311768,1.3573696613311768,1.3594344854354858,1.351917743682861,1.3574230670928955,0
2026-04-17,1.3526124954223633,1.3526124954223633,1.3598597049713137,1.3505666255950928,1.3522651195526123,0
2026-04-20,1.348435878753662,1.348435878753662,1.3544628620147705,1.3481813669204712,1.348435878753662,0
2026-04-21,1.3531250953674316,1.3531250953674316,1.3538193702697754,1.348617672920227,1.3530151844024658,0
2026-04-22,1.3509680032730105,1.3509680032730105,1.3535462617874146,1.349345564842224,1.3512235879898071,0
2026-04-23,1.3500378131866455,1.3500378131866455,1.351826310157776,1.3479633331298828,1.3498555421829224,0
2026-04-24,1.3466380834579468,1.3466380834579468,1.3519724607467651,1.3454241752624512,1.346765160560608,0
2026-04-27,1.3515102863311768,1.3515102863311768,1.3575890064239502,1.3513513803482056,1.351387858390808,0
2026-04-28,1.3538211584091189,1.3538211584091189,1.3542795181274414,1.3464386463165283,1.3538029193878174,0
2026-04-29,1.3524478673934937,1.3524478673934937,1.3528138399124146,1.3473457098007202,1.3526674509048462,0
2026-04-30,1.3488596677780151,1.3488596677780151,1.3592866659164429,1.345532774925232,1.348981499671936,0
2026-05-01,1.3602666854858398,1.3602666854858398,1.3657844066619873,1.3588802814483645,1.3603407144546509,0
2026-05-04,1.3581420183181765,1.3581420183181765,1.360063076019287,1.3526674509048462,1.3581420183181765,0
2026-05-05,1.353143334388733,1.353143334388733,1.357810139656067,1.3514426946640017,1.353179931640625,0
2026-05-06,1.3568705320358276,1.3568705320358276,1.3643310070037842,1.3564103841781616,1.3568521738052368,0
2026-05-07,1.3591758012771606,1.3591758012771606,1.3631964921951294,1.3590649366378784,1.3590649366378784,0
2026-05-08,1.3555645942687988,1.3555645942687988,1.3629549741744995,1.354976773262024,1.3556013107299805,0
2026-05-11,1.3594714403152466,1.3594714403152466,1.3652249574661257,1.358068346977234,1.359397530555725,0
2026-05-12,1.360470175743103,1.360470175743103,1.3604886531829834,1.3503477573394775,1.360063076019287,0
2026-05-13,1.3537001609802246,1.3537001609802246,1.3550686836242676,1.3487813472747805,1.353637933731079,0
2026-05-14,1.352630853652954,1.352630853652954,1.353363037109375,1.3475091457366943,1.352630853652954,0
2026-05-15,1.339136242866516,1.339136242866516,1.3392438888549805,1.3317352533340454,1.339046597480774,0
2026-05-18,1.330849051475525,1.330849051475525,1.3424079418182373,1.3304418325424194,1.331061601638794,0
2026-05-19,1.3432012796401978,1.3432012796401978,1.3433637619018557,1.338043212890625,1.3433637619018557,0
2026-05-20,1.3396027088165283,1.3396027088165283,1.3461849689483645,1.3378641605377195,1.3392438888549805,0
2026-05-21,1.3433998823165894,1.3433998823165894,1.345243215560913,1.3393514156341553,1.3434540033340454,0
2026-05-22,1.3432555198669434,1.3432555198669434,1.345949411392212,1.3414356708526611,1.342984914779663,0
2026-05-25,1.34816312789917,1.34816312789917,1.3508037328720093,1.347164273262024,1.34816312789917,0
2026-05-26,1.3496370315551758,1.3496370315551758,1.3497098684310913,1.3436344861984253,1.349582314491272,0
2026-05-27,1.345532774925232,1.345532774925232,1.3458950519561768,1.3417415618896484,1.3457139730453491,0
2026-05-28,1.3416515588760376,1.3416515588760376,1.3447548151016235,1.336844801902771,1.3415615558624268,0
2026-05-29,1.3444474935531616,1.3444474935531616,1.3485448360443115,1.340985894203186,1.3444656133651731,0
2026-06-01,1.345152735710144,1.345152735710144,1.347636342048645,1.3408780097961426,1.3450441360473633,0
2026-06-02,1.3460001945495603,1.3460001945495603,1.3481448888778689,1.3451708555221558,1.3460218906402588,0
2026-06-03,1.3454241752624512,1.3454241752624512,1.3473457098007202,1.3422459363937378,1.3453155755996704,0
2026-06-04,1.3427144289016724,1.3427144289016724,1.3462574481964111,1.3412736654281616,1.3427144289016724,0
2026-06-05,1.3427000045776367,1.3427000045776367,1.3482722043991089,1.3357375860214231,1.3424620628356934,0
2026-06-08,1.333564519882202,1.333564519882202,1.3369520902633667,1.3306896686553955,1.333564519882202,0
2026-06-09,1.3333333730697632,1.3333333730697632,1.3409318923950195,1.3332266807556152,1.333280086517334,0
2026-06-10,1.3372201919555664,1.3372201919555664,1.3422638177871704,1.3369340896606443,1.3372023105621338,0
2026-06-11,1.3362016677856443,1.3362016677856443,1.3392258882522583,1.3325693607330322,1.3365768194198608,0
2026-06-12,1.341381549835205,1.341381549835205,1.3426424264907837,1.3385268449783323,1.341219782829285,0
2026-06-15,1.344971776008606,1.344971776008606,1.3461124897003174,1.341813564300537,1.3453155755996704,0
2026-06-16,1.341599464416504,1.341599464416504,1.3441221714019775,1.339159607887268,1.3417415618896484,0
2026-06-17,1.3426424264907837,1.3426424264907837,1.3435442447662354,1.3388851881027222,1.3424980640411377,0
2026-06-18,1.3301233053207395,1.3301233053207395,1.3326226472854614,1.3207073211669922,1.330477237701416,0
2026-06-19,1.320201754570007,1.320201754570007,1.3241524696350098,1.3163783550262451,1.3205503225326538,0
2026-06-22,1.3207945823669434,1.3207945823669434,1.327210545539856,1.31851327419281,1.3208295106887815,0
2026-06-23,1.3247138261795044,1.3247138261795044,1.3250298500061035,1.318634867668152,1.324643611907959,0
2026-06-24,1.32000994682312,1.32000994682312,1.320934176445007,1.3143022060394287,1.3200798034667969,0
2026-06-25,1.3166556358337402,1.3166556358337402,1.3217023611068726,1.3153221607208252,1.3162744045257568,0
2026-06-26,1.318791389465332,1.318791389465332,1.3232064247131348,1.3181134462356567,1.3190349340438845,0
2026-06-29,1.319713830947876,1.319713830947876,1.325556755065918,1.3194701671600342,1.3196094036102295,0
2026-06-30,1.325398564338684,1.325398564338684,1.3275628089904783,1.3214752674102783,1.3252756595611572,0
2026-07-01,1.325065016746521,1.325065016746521,1.32902729511261,1.3221566677093506,1.32501220703125,0
2026-07-02,1.3279330730438232,1.3279330730438232,1.3384552001953125,1.3275628089904783,1.32792067527771,0
2026-07-03,1.3338704109191897,1.3338704109191897,1.3381685018539429,1.3335111141204834,1.3340448141098022,0
2026-07-06,1.335309624671936,1.335309624671936,1.336755394935608,1.333031177520752,1.3350956439971924,0
2026-07-07,1.3397893905639648,1.3397893905639648,1.3401771783828735,1.3361839056015017,1.3394770622253418,0
2026-07-08,1.3348907232284546,1.3348907232284546,1.3377926349639893,1.3324450254440308,1.334489822387695,0
2026-07-09,1.339620590209961,1.339620590209961,1.3430029153823853,1.3384730815887451,1.3394052982330322,0
2026-07-10,1.3415615558624268,1.3415615558624268,1.3451708555221558,1.3401232957839966,1.341381549835205,0
2026-07-13,1.3386881351470947,1.3386881351470947,1.3411476612091064,1.3367018699645996,1.33865225315094,0
2026-07-14,1.3347926139831543,1.3347926139831543,1.343742847442627,1.3343117237091064,1.3351134061813354,0
2026-07-15,1.339710354804993,1.339710354804993,1.3497644662857056,1.338258147239685,1.3394949436187744,0
2026-07-16,1.354129195213318,1.354129195213318,1.3544628620147705,1.3480722904205322,1.3539128303527832,0
2026-07-17,1.3478904962539673,1.3478904962539673,1.3482539653778076,1.3427144289016724,1.3478542566299438,0
2026-07-20,1.3446282148361206,1.3446282148361206,1.3480722904205322,1.3415435552597046,1.34442937374115,0
2026-07-21,1.3431652784347534,1.3431652784347534,1.345532774925232,1.336094617843628,1.3431833982467651,0
2026-07-22,1.3379179239273071,1.3379179239273071,1.33931565284729,1.335666298866272,1.337882161140442,0
2026-07-23,1.337524175643921,1.337524175643921,1.3394052982330322,1.3300524950027466,1.337595820426941,0
2026-07-24,1.3312742710113523,1.3312742710113523,1.334917426109314,1.3307428359985352,1.331256628036499,0
2026-07-27,1.335131287574768,1.335131287574768,1.3364337682724,1.330034852027893,1.3353452682495115,0
2026-07-28,1.3289920091629028,1.3289920091629028,1.3311147689819336,1.327316164970398,1.3288860321044922,0
2026-07-29,1.3287270069122314,1.3287270069122314,1.3309376239776611,1.3279860019683838,1.3283917903900146,0
2026-07-30,1.3367303609848022,1.3367303609848022,1.3462755680084229,1.3333333730697632,1.3368626832962036,0
2026-07-31,1.346094250679016,1.346094250679016,1.347218632698059,1.3404287099838257,1.346094250679016,0
2026-08-03,1.34916353225708,1.34916353225708,1.3501288890838623,1.342519760131836,1.3489269018173218,0
2026-08-04,1.3427000045776367,1.3427000045776367,1.3457139730453491,1.3420008420944214,1.3428045511245728,0
2026-08-05,1.3450984954833984,1.3450984954833984,1.3485267162322998,1.3444474935531616,1.3451708555221558,0
2026-08-06,1.3469645977020264,1.3469645977020264,1.3479268550872805,1.3451708555221558,1.3468012809753418,0
2026-08-07,1.345532774925232,1.345532774925232,1.350785493850708,1.3435261249542236,1.345406174659729,0
2026-08-10,1.34907066822052,1.34907066822052,1.3529969453811646,1.348381280899048,1.34890878200531,0
2026-08-11,1.3511322736740112,1.3511322736740112,1.3517167568206787,1.34929096698761,1.35111403465271,0
2026-08-12,1.3509862422943115,1.3509862422943115,1.3540045022964478,1.35023832321167,1.3508949279785156,0
2026-08-13,1.3497827053070068,1.3497827053070068,1.351278305053711,1.3476181030273438,1.3499284982681274,0
2026-08-14,1.3490725755691528,1.3490725755691528,1.356042504310608,1.34890878200531,1.34916353225708,0
2026-08-17,1.3546648025512695,1.3546648025512695,1.3571467399597168,1.3547749519348145,1.3548483848571775,0
2026-08-18,1.353033423423767,1.353033423423767,1.3554359674453735,1.3520822525024414,1.3543713092803955,0
