date,Adj Close,Close,High,Low,Open,Volume
2021-08-18,18.974369049072266,19.040000915527344,19.63400077819824,19.0,19.5,285913000
2021-08-19,19.72975349426269,19.79800033569336,20.4950008392334,18.761999130249023,19.49399948120117,766555000
2021-08-20,20.74424743652344,20.81599998474121,20.864999771118164,19.933000564575195,19.99099922180176,675741000
2021-08-23,21.88231086730957,21.95800018310547,21.996999740600582,20.950000762939453,20.97100067138672,575807000
2021-08-24,21.71788215637207,21.792999267578125,21.958999633789062,21.53499984741211,21.75300025939941,297299000
2021-08-25,22.13643264770508,22.21299934387207,22.46999931335449,21.722000122070312,21.73699951171875,347701000
2021-08-26,21.99193572998047,22.06800079345703,22.34000015258789,21.790000915527344,22.200000762939453,237940000
2021-08-27,22.557971954345703,22.63599967956543,22.722000122070312,22.16699981689453,22.18400001525879,304722000
2021-08-30,22.60979652404785,22.6879997253418,23.042999267578125,22.551000595092773,22.82999992370605,262580000
2021-08-31,22.311771392822266,22.38500022888184,22.69499969482422,22.1200008392334,22.69499969482422,259850000
2021-09-01,22.367586135864254,22.44099998474121,22.69700050354004,22.35700035095215,22.48500061035156,201767000
2021-09-02,22.322736740112305,22.395999908447266,22.593000411987305,22.295000076293945,22.51799964904785,187834000
2021-09-03,22.76827812194824,22.843000411987305,22.98600006103516,22.200000762939453,22.325000762939453,280532000
2021-09-07,22.587862014770508,22.66200065612793,22.89900016784668,22.52199935913086,22.83300018310547,198107000
2021-09-08,22.265926361083984,22.339000701904297,22.61000061035156,21.976999282836918,22.51300048828125,254434000
2021-09-09,22.10445022583008,22.177000045776367,22.538000106811523,22.131000518798828,22.312000274658203,196856000
2021-09-10,22.40447235107422,22.47800064086914,22.625999450683597,22.270000457763672,22.347999572753903,248376000
2021-09-13,22.079540252685547,22.152000427246094,22.964000701904297,21.857999801635746,22.68400001525879,297500000
2021-09-14,22.16924285888672,22.242000579833984,22.40999984741211,22.086000442504883,22.274999618530277,199755000
2021-09-15,22.26791763305664,22.340999603271484,22.367000579833984,21.965999603271484,22.30900001525879,166538000
2021-09-16,22.16924285888672,22.242000579833984,22.277000427246094,21.927000045776367,22.183000564575195,156033000
2021-09-17,21.82836151123047,21.899999618530277,22.32099914550781,21.82999992370605,22.299999237060547,294503000
2021-09-20,21.043930053710938,21.113000869750977,21.433000564575195,20.66200065612793,21.145999908447266,349440000
2021-09-21,21.17650032043457,21.246000289916992,21.424999237060547,20.950000762939453,21.41699981689453,204688000
2021-09-22,21.869220733642575,21.94099998474121,21.959999084472656,21.19599914550781,21.36599922180176,268726000
2021-09-23,22.408456802368164,22.48200035095215,22.53499984741211,21.88999938964844,22.13999938964844,248555000
2021-09-24,22.008766174316406,22.08099937438965,22.14900016784668,21.86100006103516,22.06999969482422,217655000
2021-09-27,21.58914375305176,21.65999984741211,21.798999786376957,21.325000762939453,21.709999084472656,245215000
2021-09-28,20.63129234313965,20.698999404907227,21.41900062561035,20.650999069213867,21.214000701904297,343069000
2021-09-29,20.44988441467285,20.517000198364254,21.017000198364254,20.46699905395508,20.940000534057617,218394000
2021-09-30,20.64823532104492,20.715999603271484,21.06599998474121,20.6879997253418,20.76799964904785,221009000
2021-10-01,20.674150466918945,20.742000579833984,20.858999252319336,20.202999114990234,20.75,240978000
2021-10-04,19.66745376586914,19.73200035095215,20.54199981689453,19.55500030517578,20.503999710083008,345635000
2021-10-05,20.38409996032715,20.451000213623047,20.64800071716309,19.85400009155273,19.950000762939453,279282000
2021-10-06,20.632287979125977,20.700000762939453,20.71999931335449,20.07999992370605,20.1200008392334,297202000
2021-10-07,21.006059646606445,21.075000762939453,21.32200050354004,20.972000122070312,21.09199905395508,256919000
2021-10-08,20.76285743713379,20.83099937438965,21.20599937438965,20.774999618530277,21.10099983215332,151258000
2021-10-11,20.62730407714844,20.69499969482422,21.0629997253418,20.51099967956543,20.575000762939453,163388000
2021-10-12,20.603376388549805,20.67099952697754,21.05699920654297,20.527999877929688,20.827999114990234,162134000
2021-10-13,20.87050437927246,20.93899917602539,20.989999771118164,20.71299934387207,20.917999267578125,180652000
2021-10-14,21.67486572265625,21.746000289916992,21.7549991607666,21.121999740600582,21.288000106811523,243589000
2021-10-15,21.79048156738281,21.86199951171875,21.93099975585937,21.66200065612793,21.809999465942383,226994000
2021-10-18,22.149303436279297,22.222000122070312,22.291000366210938,21.643999099731445,21.749000549316406,189494000
2021-10-19,22.217084884643555,22.290000915527344,22.378999710083008,22.03700065612793,22.275999069213867,161473000
2021-10-20,22.03069496154785,22.10300064086914,22.433000564575195,21.98200035095215,22.30500030517578,146276000
2021-10-21,22.61776733398437,22.691999435424805,22.711000442504883,22.08300018310547,22.097000122070312,187590000
2021-10-22,22.65165901184082,22.72599983215332,23.1299991607666,22.56100082397461,22.822999954223636,249384000
2021-10-25,23.090219497680664,23.166000366210938,23.354999542236328,22.770000457763672,22.972999572753903,230235000
2021-10-26,24.636140823364254,24.71699905395508,25.25900077819824,23.923999786376957,23.98900032043457,485898000
2021-10-27,24.37101554870605,24.451000213623047,25.09000015258789,24.28199958801269,24.474000930786133,245990000
2021-10-28,24.85940933227539,24.94099998474121,24.950000762939453,24.52300071716309,24.87800025939941,234204000
2021-10-29,25.483362197875977,25.566999435424805,25.708999633789062,25.0,25.000999450683597,292503000
2021-11-01,25.742515563964844,25.82699966430664,25.893999099731445,25.226999282836918,25.64900016784668,265740000
2021-11-02,26.31463623046875,26.400999069213867,26.67799949645996,25.799999237060547,25.82200050354004,294112000
2021-11-03,26.51099395751953,26.597999572753903,26.78400039672852,26.23500061035156,26.670000076293945,239910000
2021-11-04,29.703514099121094,29.801000595092773,31.364999771118164,27.118000030517575,27.22900009155273,1153631000
2021-11-05,29.654672622680664,29.75200080871582,31.399999618530277,29.40999984741211,30.187000274658203,851260000
2021-11-08,30.70323371887207,30.804000854492188,31.100000381469727,29.90699958801269,30.14900016784668,503101000
2021-11-09,30.55671501159668,30.65699958801269,32.310001373291016,29.964000701904297,32.28200149536133,646746000
2021-11-10,29.36263084411621,29.458999633789062,30.850000381469727,28.777999877929688,29.356000900268555,636206000
2021-11-11,30.290584564208984,30.38999938964844,30.59000015258789,29.777000427246094,30.468000411987305,332172000
2021-11-12,30.290584564208984,30.38999938964844,30.68000030517578,29.6299991607666,30.01000022888184,413054000
2021-11-15,29.926782608032227,30.024999618530277,30.643999099731445,29.246999740600582,30.552000045776367,384909000
2021-11-16,30.10420036315918,30.202999114990234,30.38999938964844,29.70599937438965,29.75900077819824,264484000
2021-11-17,29.1652774810791,29.26099967956543,30.50900077819824,28.799999237060547,30.417999267578125,428508000
2021-11-18,31.571382522583008,31.674999237060547,32.7599983215332,31.32099914550781,32.367000579833984,781711000
2021-11-19,32.877098083496094,32.98500061035156,33.0880012512207,31.905000686645508,32.24300003051758,533867000
2021-11-22,31.851465225219727,31.95599937438965,34.64699935913086,31.899999618530277,33.516998291015625,754335000
2021-11-23,31.642152786254883,31.746000289916992,32.36000061035156,30.8799991607666,31.53499984741211,532163000
2021-11-24,32.56711196899414,32.67399978637695,32.85499954223633,30.92799949645996,31.461000442504883,435162000
2021-11-26,31.39994430541992,31.50300025939941,32.709999084472656,31.350000381469727,32.599998474121094,283069000
2021-11-29,33.266815185546875,33.375999450683594,33.4119987487793,32.0359992980957,32.36600112915039,454964000
2021-11-30,32.56909942626953,32.67599868774414,33.35300064086914,31.86400032043457,33.16899871826172,622066000
2021-12-01,31.33600425720215,31.434999465942383,33.28900146484375,31.3799991607666,33.21900177001953,484368000
2021-12-02,32.02482986450195,32.125999450683594,32.47800064086914,31.024999618530277,31.214000701904297,472890000
2021-12-03,30.59634017944336,30.69300079345703,32.12900161743164,30.1299991607666,32.0,544325000
2021-12-06,29.942405700683597,30.03700065612793,30.24099922180176,28.038000106811523,29.8799991607666,658938000
2021-12-07,32.32487487792969,32.426998138427734,32.44900131225586,30.650999069213867,30.957000732421875,593053000
2021-12-08,31.72577476501465,31.826000213623047,32.290000915527344,31.42099952697754,31.999000549316406,475551000
2021-12-09,30.39398002624512,30.489999771118164,32.20500183105469,30.42799949645996,31.733999252319336,488507000
2021-12-10,30.102903366088867,30.197999954223636,31.30500030517578,29.86100006103516,31.149999618530277,488825000
2021-12-13,28.07231330871582,28.160999298095703,30.29400062561035,28.11599922180176,30.249000549316406,598344000
2021-12-14,28.24776268005371,28.33699989318848,28.67799949645996,27.25,27.698999404907227,667035000
2021-12-15,30.36307716369629,30.458999633789062,30.5,27.83799934387207,28.399999618530277,698297000
2021-12-16,28.29760360717773,28.386999130249023,31.15999984741211,28.093000411987305,31.152000427246094,707366000
2021-12-17,27.71344947814941,27.801000595092773,28.92200088500977,27.76000022888184,27.98500061035156,713758000
2021-12-20,27.63170623779297,27.7189998626709,28.143999099731445,27.145000457763672,27.30500030517578,461847000
2021-12-21,28.98343849182129,29.075000762939453,29.1200008392334,27.400999069213867,28.374000549316406,524385000
2021-12-22,29.307411193847656,29.399999618530277,29.55500030517578,28.448999404907227,28.891000747680664,395184000
2021-12-23,29.54665946960449,29.63999938964844,30.05900001525879,29.43099975585937,29.7549991607666,343022000
2021-12-27,30.847545623779297,30.94499969482422,31.08699989318848,29.63999938964844,29.65999984741211,403686000
2021-12-28,30.22650909423828,30.32200050354004,31.32999992370605,30.011999130249023,31.312000274658203,420591000
2021-12-29,29.906518936157227,30.000999450683597,30.54800033569336,29.36599922180176,30.27300071716309,343139000
2021-12-30,29.49283218383789,29.586000442504883,30.457000732421875,29.540000915527344,29.82699966430664,308864000
2021-12-31,29.31837654113769,29.410999298095703,30.030000686645508,29.33099937438965,29.673999786376957,266530000
2022-01-03,30.026142120361328,30.121000289916992,30.711000442504883,29.78499984741211,29.815000534057617,391547000
2022-01-04,29.197757720947266,29.290000915527344,30.468000411987305,28.349000930786133,30.277000427246094,527154000
2022-01-05,27.517065048217773,27.60400009155273,29.416000366210938,27.53300094604492,28.948999404907227,498064000
2022-01-06,28.08926010131836,28.17799949645996,28.4379997253418,27.065000534057617,27.63999938964844,454186000
2022-01-07,27.16119384765625,27.246999740600582,28.42200088500977,27.05699920654297,28.141000747680664,409939000
2022-01-10,27.31371116638184,27.399999618530277,27.4689998626709,25.643999099731445,26.58099937438965,594681000
2022-01-11,27.729398727416992,27.816999435424805,28.065000534057617,26.839000701904297,27.322999954223636,404089000
2022-01-12,27.91082191467285,27.999000549316406,28.59499931335449,27.607999801635746,28.066999435424805,383413000
2022-01-13,26.491310119628903,26.575000762939453,28.479999542236328,26.49799919128418,28.378999710083008,540171000
2022-01-14,26.857152938842773,26.941999435424805,27.19700050354004,26.209999084472656,26.299999237060547,395832000
2022-01-18,25.82142639160156,25.902999877929688,26.63800048828125,25.770000457763672,26.26000022888184,424270000
2022-01-19,24.988056182861328,25.066999435424805,26.542999267578125,25.052000045776367,26.07900047302246,488315000
2022-01-20,24.07394790649414,24.149999618530277,25.57900047302246,24.077999114990234,25.304000854492188,435181000
2022-01-21,23.300390243530277,23.374000549316406,24.822999954223636,23.26300048828125,23.506999969482425,718958000
2022-01-24,23.298397064208984,23.371999740600582,23.3799991607666,20.88800048828125,22.32999992370605,913982000
2022-01-25,22.25370216369629,22.323999404907227,22.94300079345703,22.0,22.54599952697754,664616000
2022-01-26,22.700288772583008,22.77199935913086,24.05699920654297,22.299999237060547,23.239999771118164,755959000
2022-01-27,21.874895095825195,21.944000244140625,23.9950008392334,21.674999237060547,23.56800079345703,573353000
2022-01-28,22.76807403564453,22.84000015258789,22.857999801635746,21.29599952697754,22.011999130249023,543774000
2022-01-31,24.40888977050781,24.48600006103516,24.50900077819824,23.052000045776367,23.18199920654297,564680000
2022-02-01,24.560407638549805,24.63800048828125,25.145000457763672,23.88999938964844,25.10400009155273,518925000
2022-02-02,25.162508010864254,25.242000579833984,25.816999435424805,24.55299949645996,25.79400062561035,543419000
2022-02-03,23.872583389282227,23.947999954223636,25.07699966430664,23.780000686645508,24.45800018310547,410178000
2022-02-04,24.242416381835938,24.319000244140625,24.63500022888184,23.631999969482425,23.972000122070312,354829000
2022-02-07,24.650129318237305,24.72800064086914,25.18199920654297,24.20199966430664,24.371999740600582,376868000
2022-02-08,25.028926849365234,25.107999801635746,25.229999542236328,23.979999542236328,24.358999252319336,410359000
2022-02-09,26.62090110778809,26.70499992370605,26.725000381469727,25.35300064086914,25.621999740600582,524282000
2022-02-10,25.742673873901367,25.823999404907227,26.924999237060547,25.600000381469727,25.9950008392334,513200000
2022-02-11,23.873580932617188,23.948999404907227,26.152000427246094,23.77300071716309,25.916000366210938,605472000
2022-02-14,24.190580368041992,24.267000198364254,24.875,23.7549991607666,23.93400001525879,440424000
2022-02-15,26.41156578063965,26.4950008392334,26.545000076293945,24.78400039672852,24.948999404907227,699869000
2022-02-16,26.42751121520996,26.51099967956543,26.582000732421875,25.552000045776367,26.25900077819824,732676000
2022-02-17,24.429821014404297,24.506999969482425,25.78499984741211,24.165000915527344,25.6299991607666,810595000
2022-02-18,23.56754493713379,23.642000198364254,24.98600006103516,23.100000381469727,24.667999267578125,761255000
2022-02-22,23.316341400146484,23.38999938964844,24.06399917602539,23.0,23.03499984741211,633422000
2022-02-23,22.316495895385746,22.386999130249023,24.155000686645508,22.301000595092773,23.802000045776367,566511000
2022-02-24,23.673215866088867,23.74799919128418,23.799999237060547,20.88999938964844,21.01499938964844,735801000
2022-02-25,24.080923080444336,24.15699958801269,24.21699905395508,23.381000518798828,23.72100067138672,528866000
2022-02-28,24.30820846557617,24.38500022888184,24.665000915527344,23.707000732421875,23.992000579833984,477319000
2022-03-01,23.40306282043457,23.476999282836918,24.37700080871582,23.131999969482425,24.291000366210938,412056000
2022-03-02,24.14784049987793,24.21999931335449,24.40900039672852,23.415000915527344,23.756000518798828,389642000
2022-03-03,23.64335060119629,23.714000701904297,24.326000213623047,23.4689998626709,24.261999130249023,365095000
2022-03-04,22.86766624450684,22.93600082397461,23.68000030517578,22.48200035095215,23.38400077819824,431415000
2022-03-07,21.28838539123535,21.351999282836918,23.03300094604492,21.32999992370605,22.816999435424805,450821000
2022-03-08,21.44990348815918,21.513999938964844,22.37299919128418,20.649999618530277,21.30900001525879,557467000
2022-03-09,22.9454288482666,23.013999938964844,23.21999931335449,22.246999740600582,22.386999130249023,492742000
2022-03-10,22.590496063232425,22.65800094604492,22.788000106811523,21.881999969482425,22.5310001373291,428066000
2022-03-11,22.034154891967773,22.100000381469727,23.145000457763672,22.04599952697754,23.02199935913086,367209000
2022-03-14,21.26644897460937,21.32999992370605,22.261999130249023,21.15900039672852,21.86899948120117,385354000
2022-03-15,22.90455818176269,22.972999572753903,23.038000106811523,21.32200050354004,21.51799964904785,491996000
2022-03-16,24.42301750183105,24.496000289916992,24.597000122070312,23.17200088500977,23.5,671422000
2022-03-17,24.692214965820312,24.766000747680664,24.84199905395508,23.9060001373291,24.1200008392334,471941000
2022-03-18,26.37418556213379,26.452999114990234,26.569000244140625,24.624000549316406,24.798999786376957,730719000
2022-03-21,26.654346466064453,26.733999252319336,27.152000427246094,25.96699905395508,26.506999969482425,591727000
2022-03-22,26.444978713989254,26.52400016784668,27.238000869750977,26.07200050354004,26.726999282836918,547007000
2022-03-23,25.55762481689453,25.63400077819824,26.61199951171875,25.575000762939453,26.125999450683597,502120000
2022-03-24,28.066131591796875,28.149999618530277,28.31999969482422,25.90699958801269,26.166000366210938,877379000
2022-03-25,27.609498977661133,27.691999435424805,28.357999801635746,27.270999908447266,27.88599967956543,579016000
2022-03-28,28.13492774963379,28.2189998626709,28.25,27.20599937438965,27.756000518798828,425494000
2022-03-29,28.57061767578125,28.6560001373291,28.94599914550781,27.979999542236328,28.69499969482422,488984000
2022-03-30,27.60750389099121,27.690000534057617,28.496000289916992,27.50300025939941,28.304000854492188,463487000
2022-03-31,27.204702377319336,27.285999298095703,28.24799919128418,27.270000457763672,27.78199958801269,523440000
2022-04-01,26.63241577148437,26.71199989318848,27.496000289916992,26.267000198364254,27.375,517235000
2022-04-04,27.278484344482425,27.36000061035156,27.558000564575195,26.613000869750977,26.72800064086914,397120000
2022-04-05,25.853734970092773,25.93099975585937,27.319000244140625,25.81999969482422,27.253999710083008,436615000
2022-04-06,24.33428192138672,24.40699958801269,25.299999237060547,24.00300025939941,24.93400001525879,703833000
2022-04-07,24.135873794555664,24.20800018310547,24.722000122070312,23.47800064086914,24.44099998474121,557992000
2022-04-08,23.05011558532715,23.11899948120117,23.92300033569336,23.062000274658203,23.91699981689453,524781000
2022-04-11,21.851701736450195,21.91699981689453,22.31999969482422,21.65999984741211,22.214000701904297,575207000
2022-04-12,21.43993186950684,21.503999710083008,22.725000381469727,21.28199958801269,22.53700065612793,662258000
2022-04-13,22.13684463500977,22.202999114990234,22.5,21.45499992370605,21.72800064086914,516943000
2022-04-14,21.19466209411621,21.257999420166016,22.777000427246094,21.163000106811523,22.5049991607666,569097000
2022-04-18,21.71810531616211,21.78300094604492,22.08799934387207,21.07900047302246,21.200000762939453,525701000
2022-04-19,22.131866455078125,22.197999954223636,22.37299919128418,21.31399917602539,21.71999931335449,512781000
2022-04-20,21.41799736022949,21.48200035095215,22.670000076293945,21.200000762939453,22.517000198364254,468974000
2022-04-21,20.12286758422852,20.183000564575195,22.392000198364254,20.0,21.708999633789062,656209000
2022-04-22,19.45685577392578,19.51499938964844,20.48600006103516,19.5,20.30299949645996,624713000
2022-04-25,19.842702865600582,19.902000427246094,19.94499969482422,19.09600067138672,19.20199966430664,641566000
2022-04-26,18.732027053833008,18.788000106811523,19.788000106811523,18.670000076293945,19.718000411987305,653143000
2022-04-27,18.36013603210449,18.415000915527344,19.16699981689453,18.290000915527344,18.597999572753903,499460000
2022-04-28,19.72306060791016,19.78199958801269,20.03700065612793,18.489999771118164,18.96699905395508,570327000
2022-04-29,18.491743087768555,18.54700088500977,20.12800025939941,18.517000198364254,19.402000427246094,500435000
2022-05-02,19.474803924560547,19.53300094604492,19.573999404907227,18.391000747680664,18.541000366210938,572049000
2022-05-03,19.543598175048828,19.601999282836918,19.825000762939453,19.132999420166016,19.399999618530277,475751000
2022-05-04,20.273414611816406,20.333999633789062,20.399999618530277,18.750999450683597,19.92300033569336,648855000
2022-05-05,18.78785514831543,18.8439998626709,19.924999237060547,18.5,19.867000579833984,626331000
2022-05-06,18.619359970092773,18.674999237060547,19.511999130249023,17.989999771118164,18.73600006103516,633297000
2022-05-09,16.899499893188477,16.950000762939453,18.2549991607666,16.82699966430664,18.03400039672852,644455000
2022-05-10,17.542572021484375,17.594999313354492,18.197999954223636,17.024999618530273,17.68899917602539,761474000
2022-05-11,16.58045196533203,16.6299991607666,17.753000259399414,16.56800079345703,17.347000122070312,670167000
2022-05-12,16.126808166503906,16.174999237060547,16.788000106811523,15.56700038909912,16.2189998626709,708728000
2022-05-13,17.653244018554688,17.70599937438965,17.92799949645996,16.593000411987305,16.788000106811523,670437000
2022-05-16,17.21256446838379,17.263999938964844,17.788000106811523,17.106000900268555,17.509000778198242,521446000
2022-05-17,18.12284278869629,18.177000045776367,18.371000289916992,17.634000778198242,18.073999404907227,585830000
2022-05-18,16.88753890991211,16.937999725341797,18.118000030517575,16.86400032043457,17.704999923706055,545161000
2022-05-19,17.072982788085938,17.124000549316406,17.687000274658203,16.733999252319336,16.937000274658203,621310000
2022-05-20,16.644264221191406,16.694000244140625,17.40999984741211,15.755000114440918,17.332000732421875,739105000
2022-05-23,16.84765625,16.898000717163086,16.915000915527344,16.179000854492188,16.27400016784668,639889000
2022-05-24,16.105871200561523,16.15399932861328,16.597000122070312,15.779999732971191,16.510000228881836,588550000
2022-05-25,16.924428939819336,16.975000381469727,17.111000061035156,16.0,16.020000457763672,781132000
2022-05-26,17.797813415527344,17.85099983215332,18.09199905395508,16.02199935913086,16.035999298095703,996575000
2022-05-27,18.754955291748047,18.81100082397461,18.881000518798828,18.100000381469727,18.18600082397461,738379000
2022-05-31,18.61637115478516,18.67200088500977,19.200000762939453,18.350000381469727,18.979999542236328,664100000
2022-06-01,18.26542091369629,18.31999969482422,19.05299949645996,18.121999740600582,18.724000930786133,544514000
2022-06-02,19.53362464904785,19.59199905395508,19.61899948120117,18.197999954223636,18.29199981689453,648656000
2022-06-03,18.66422462463379,18.71999931335449,19.332000732421875,18.52199935913086,19.082000732421875,598779000
2022-06-06,18.73002815246582,18.785999298095703,19.33699989318848,18.56399917602539,19.138999938964844,422406000
2022-06-07,18.869611740112305,18.926000595092773,19.0,18.1879997253418,18.472000122070312,388914000
2022-06-08,18.59637451171875,18.64800071716309,19.18000030517578,18.53499984741211,18.798999786376957,363252000
2022-06-09,17.99803352355957,18.04800033569336,18.933000564575195,18.041000366210938,18.481000900268555,395574000
2022-06-10,16.9270076751709,16.974000930786133,17.69700050354004,16.868999481201172,17.600000381469727,465248000
2022-06-13,15.603679656982422,15.647000312805176,16.312000274658203,15.605999946594238,16.0,604153000
2022-06-14,15.792157173156738,15.836000442504885,16.06599998474121,15.411999702453612,15.730999946594238,469680000
2022-06-15,16.481246948242188,16.527000427246094,16.868000030517578,15.925999641418455,16.094999313354492,563936000
2022-06-16,15.55780792236328,15.60099983215332,15.94200038909912,15.401000022888184,15.859999656677246,545749000
2022-06-17,15.836034774780272,15.880000114440918,15.994999885559082,15.32800006866455,15.64799976348877,630334000
2022-06-21,16.5201358795166,16.56599998474121,17.007999420166016,16.406999588012695,16.475000381469727,483089000
2022-06-22,16.314706802368164,16.360000610351562,16.66200065612793,16.18000030517578,16.22599983215332,437135000
2022-06-23,16.180082321166992,16.225000381469727,16.584999084472656,15.852999687194824,16.518999099731445,463680000
2022-06-24,17.078584671020508,17.125999450683594,17.139999389648438,16.309999465942383,16.5,472153000
2022-06-27,16.822296142578125,16.868999481201172,17.329999923706055,16.625999450683594,17.312000274658203,427968000
2022-06-28,15.937752723693848,15.982000350952148,17.20199966430664,15.94499969482422,16.899999618530273,461149000
2022-06-29,15.49897003173828,15.541999816894531,15.81999969482422,15.170000076293944,15.814000129699709,482352000
2022-06-30,15.11703109741211,15.159000396728516,15.56700038909912,14.862000465393066,15.361000061035156,686070000
2022-07-01,14.482791900634766,14.52299976348877,15.062999725341797,14.392000198364258,14.89900016784668,577610000
2022-07-05,14.922569274902344,14.96399974822998,14.970999717712402,14.05500030517578,14.175000190734863,651397000
2022-07-06,15.08811378479004,15.130000114440918,15.319000244140623,14.788999557495115,15.010000228881836,529066000
2022-07-07,15.814095497131348,15.857999801635742,15.94499969482422,15.388999938964844,15.456000328063965,492903000
2022-07-08,15.794154167175291,15.838000297546388,16.03700065612793,15.388999938964844,15.43000030517578,467972000
2022-07-11,15.110051155090332,15.152000427246094,15.527000427246094,15.038000106811523,15.526000022888184,437321000
2022-07-12,15.040244102478027,15.08199977874756,15.430999755859377,14.876999855041504,15.267999649047852,458483000
2022-07-13,15.122017860412598,15.163999557495115,15.375,14.46500015258789,14.59000015258789,521918000
2022-07-14,15.329442024230955,15.371999740600586,15.472999572753906,14.727999687194824,15.107999801635742,456235000
2022-07-15,15.71835994720459,15.76200008392334,15.781999588012695,15.44499969482422,15.659000396728516,385935000
2022-07-18,16.056421279907227,16.10099983215332,16.89699935913086,16.00200080871582,16.302000045776367,670517000
2022-07-19,16.944957733154297,16.992000579833984,17.110000610351562,16.172000885009766,16.486000061035156,702366000
2022-07-20,17.757701873779297,17.80699920654297,17.933000564575195,16.801000595092773,16.94700050354004,760538000
2022-07-21,18.000022888183594,18.049999237060547,18.143999099731445,17.545000076293945,17.885000228881836,557049000
2022-07-22,17.27104949951172,17.319000244140625,17.966999053955078,17.136999130249023,17.89299964904785,536671000
2022-07-25,16.976869583129883,17.02400016784668,17.124000549316406,16.64900016784668,17.018999099731445,480748000
2022-07-26,16.487224578857422,16.533000946044922,16.91900062561035,16.47800064086914,16.888999938964844,397865000
2022-07-27,17.740745544433594,17.790000915527344,17.93600082397461,16.913000106811523,17.031999588012695,569776000
2022-07-28,17.9342098236084,17.983999252319336,18.13999938964844,17.440000534057617,17.975000381469727,474646000
2022-07-29,18.11271095275879,18.163000106811523,18.24399948120117,17.691999435424805,17.812999725341797,435460000
2022-08-01,18.38994407653809,18.44099998474121,18.84600067138672,17.989999771118164,18.18199920654297,476469000
2022-08-02,18.47471046447754,18.525999069213867,18.9379997253418,18.09199905395508,18.121999740600582,489527000
2022-08-03,18.840694427490234,18.89299964904785,18.968000411987305,18.136999130249023,18.18400001525879,418146000
2022-08-04,19.161806106567383,19.21500015258789,19.27400016784668,18.76000022888184,18.849000930786133,409652000
2022-08-05,18.936426162719727,18.98900032043457,19.22900009155273,18.666000366210938,18.809999465942383,386068000
2022-08-08,17.74373435974121,17.792999267578125,18.23900032043457,17.242000579833984,17.50200080871582,981859000
2022-08-09,17.0386962890625,17.086000442504883,17.44700050354004,16.724000930786133,17.25200080871582,668263000
2022-08-10,18.046897888183597,18.097000122070312,18.118000030517575,17.316999435424805,17.697999954223633,597422000
2022-08-11,17.892322540283203,17.941999435424805,18.707000732421875,17.875999450683594,18.131000518798828,509327000
2022-08-12,18.65719985961914,18.708999633789062,18.718000411987305,17.952999114990234,18.15999984741211,478094000
2022-08-15,18.979307174682617,19.03199958801269,19.16399955749512,18.613000869750977,18.701000213623047,457666000
2022-08-16,18.82673454284668,18.878999710083008,19.142000198364254,18.500999450683597,18.920000076293945,451240000
2022-08-17,18.284236907958984,18.334999084472656,18.6879997253418,18.145000457763672,18.52300071716309,446799000
2022-08-18,18.721025466918945,18.77300071716309,18.864999771118164,18.183000564575195,18.301000595092773,415447000
2022-08-19,17.799583435058594,17.849000930786133,18.520000457763672,17.770000457763672,18.4060001373291,441588000
2022-08-22,16.986839294433594,17.034000396728516,17.558000564575195,16.965999603271484,17.489999771118164,409593000
2022-08-23,17.13343048095703,17.180999755859375,17.46500015258789,16.969999313354492,16.98900032043457,369986000
2022-08-24,17.1743221282959,17.222000122070312,17.4060001373291,16.895000457763672,17.011999130249023,522661000
2022-08-25,17.863407135009766,17.913000106811523,17.94700050354004,16.83300018310547,16.8439998626709,770691000
2022-08-26,16.21498680114746,16.260000228881836,17.923999786376953,16.23699951171875,17.85700035095215,769127000
2022-08-29,15.757253646850586,15.800999641418455,16.33799934387207,15.767000198364258,16.020000457763672,496132000
2022-08-30,15.425175666809082,15.468000411987305,16.038999557495117,15.182000160217283,15.960000038146973,530181000
2022-08-31,15.052212715148926,15.093999862670898,15.539999961853027,14.958999633789062,15.383999824523926,573710000
2022-09-01,13.898414611816406,13.937000274658203,14.380000114440918,13.270000457763672,14.208999633789062,1178865000
2022-09-02,13.609216690063477,13.647000312805176,14.17099952697754,13.590999603271484,14.100000381469728,743157000
2022-09-06,13.427720069885254,13.46500015258789,13.779000282287598,13.35099983215332,13.730999946594238,535751000
2022-09-07,13.680095672607422,13.71399974822998,13.838000297546388,13.345999717712402,13.562999725341797,512657000
2022-09-08,13.95541286468506,13.989999771118164,14.008000373840332,13.369000434875488,13.458999633789062,624873000
2022-09-09,14.351433753967283,14.38700008392334,14.473999977111816,14.12600040435791,14.156999588012695,486612000
2022-09-12,14.469139099121094,14.505000114440918,14.54699993133545,14.197999954223633,14.369000434875488,484159000
2022-09-13,13.098535537719728,13.130999565124512,13.92199993133545,13.098999977111816,13.802000045776367,714956000
2022-09-14,13.095542907714844,13.128000259399414,13.289999961853027,12.913000106811523,13.253999710083008,588507000
2022-09-15,12.897037506103516,12.928999900817873,13.232999801635742,12.789999961853027,13.015000343322754,523625000
2022-09-16,13.165369987487791,13.197999954223633,13.211999893188477,12.616999626159668,12.741999626159668,670751000
2022-09-19,13.348915100097656,13.381999969482422,13.463000297546388,13.010000228881836,13.01200008392334,569685000
2022-09-20,13.143425941467283,13.175999641418455,13.482999801635742,13.057000160217283,13.21500015258789,524818000
2022-09-21,13.228216171264648,13.26099967956543,14.031000137329102,13.109999656677246,13.213000297546388,807679000
2022-09-22,12.529947280883787,12.560999870300291,13.14900016784668,12.428000450134276,13.06999969482422,759162000
2022-09-23,12.485058784484863,12.515999794006348,12.611000061035156,12.256999969482422,12.420000076293944,663309000
2022-09-26,12.197769165039062,12.227999687194824,12.659000396728516,12.21399974822998,12.491000175476074,547343000
2022-09-27,12.382311820983888,12.413000106811523,12.736000061035156,12.258000373840332,12.506999969482422,553854000
2022-09-28,12.704513549804688,12.736000061035156,12.822999954223633,12.354000091552734,12.40999984741211,542414000
2022-09-29,12.189789772033691,12.220000267028809,12.5,11.946000099182127,12.447999954223633,532763000
2022-09-30,12.10898780822754,12.138999938964844,12.633000373840332,12.074999809265137,12.086999893188477,565638000
2022-10-03,12.48106575012207,12.51200008392334,12.678000450134276,12.104999542236328,12.347000122070312,547478000
2022-10-04,13.134449005126951,13.166999816894531,13.220000267028809,12.878999710083008,12.878999710083008,584182000
2022-10-05,13.17634391784668,13.208999633789062,13.321000099182127,12.621000289916992,12.91100025177002,507131000
2022-10-06,13.097540855407717,13.130000114440918,13.656000137329102,13.102999687194824,13.220000267028809,644157000
2022-10-07,12.046146392822266,12.076000213623049,12.670000076293944,12.022000312805176,12.505000114440918,672478000
2022-10-10,11.641149520874023,11.670000076293944,12.12399959564209,11.407999992370604,12.036999702453612,698699000
2022-10-11,11.557355880737305,11.586000442504885,11.845999717712402,11.282999992370604,11.560999870300291,667482000
2022-10-12,11.471570014953612,11.5,11.734999656677246,11.345000267028809,11.57900047302246,492590000
2022-10-13,11.930432319641112,11.960000038146973,12.07800006866455,10.812999725341797,10.970999717712402,850103000
2022-10-14,11.199243545532228,11.22700023651123,12.111000061035156,11.20400047302246,12.057000160217283,713432000
2022-10-17,11.85861110687256,11.887999534606934,11.947999954223633,11.517000198364258,11.517999649047852,580774000
2022-10-18,11.937414169311523,11.967000007629396,12.491999626159668,11.618000030517578,12.343999862670898,659362000
2022-10-19,12.021207809448242,12.050999641418455,12.350000381469728,11.833999633789062,11.878999710083008,523131000
2022-10-20,12.163854598999023,12.194000244140623,12.769000053405762,12.104999542236328,12.11299991607666,652398000
2022-10-21,12.435179710388184,12.465999603271484,12.498000144958496,11.88700008392334,12.097999572753906,609494000
2022-10-24,12.567852973937988,12.598999977111816,12.710000038146973,12.064000129699709,12.508000373840332,517457000
2022-10-25,13.228216171264648,13.26099967956543,13.300000190734863,12.663999557495115,12.694000244140623,505482000
2022-10-26,12.864116668701172,12.895999908447266,13.387999534606934,12.708000183105469,12.869000434875488,532953000
2022-10-27,13.143425941467283,13.175999641418455,13.838000297546388,13.121999740600586,13.630000114440918,583113000
2022-10-28,13.799798965454102,13.833999633789062,13.850000381469728,13.060999870300291,13.104000091552734,521040000
2022-10-31,13.463630676269531,13.496999740600586,13.838000297546388,13.29699993133545,13.777999877929688,486341000
2022-11-01,13.50951862335205,13.54300022125244,13.925000190734863,13.519000053405762,13.810999870300291,432817000
2022-11-02,13.186318397521973,13.218999862670898,14.210000038146973,13.211000442504885,13.850000381469728,672628000
2022-11-03,13.38782024383545,13.42099952697754,13.781000137329102,12.956000328063965,13.04300022125244,500065000
2022-11-04,14.121002197265623,14.156000137329102,14.229000091552734,13.696999549865724,13.986000061035156,612576000
2022-11-07,14.265644073486328,14.300999641418455,14.411999702453612,13.95400047302246,14.227999687194824,410061000
2022-11-08,14.565897941589355,14.60200023651123,14.890999794006348,14.215999603271484,14.800999641418455,595292000
2022-11-09,13.741944313049316,13.776000022888184,14.211000442504885,13.758999824523926,14.161999702453612,454414000
2022-11-10,15.711063385009766,15.75,15.77299976348877,14.54699993133545,14.800000190734863,700819000
2022-11-11,16.286632537841797,16.32699966430664,16.388999938964844,15.482000350952148,15.807000160217283,655487000
2022-11-14,16.254711151123047,16.295000076293945,16.540000915527344,15.92199993133545,16.218000411987305,527852000
2022-11-15,16.62479591369629,16.666000366210938,16.99799919128418,16.381999969482422,16.722000122070312,545876000
2022-11-16,15.870667457580566,15.90999984741211,16.36199951171875,15.873000144958496,16.16200065612793,649547000
2022-11-17,15.638242721557615,15.677000045776367,16.266000747680664,15.53499984741211,15.71500015258789,710894000
2022-11-18,15.370904922485352,15.409000396728516,16.00200080871582,15.119999885559082,15.965999603271484,492072000
2022-11-21,15.279131889343262,15.31700038909912,15.47700023651123,15.079999923706056,15.147000312805176,404739000
2022-11-22,15.998348236083984,16.038000106811523,16.058000564575195,15.121999740600586,15.32800006866455,472866000
2022-11-23,16.478164672851562,16.518999099731445,16.527000427246094,16.04800033569336,16.097999572753906,427241000
2022-11-25,16.229778289794922,16.270000457763672,16.48699951171875,16.172000885009766,16.31800079345703,167934000
2022-11-28,15.787871360778809,15.82699966430664,16.35700035095215,15.725000381469728,16.025999069213867,303741000
2022-11-29,15.600337028503418,15.638999938964844,15.932000160217283,15.520000457763672,15.82699966430664,298384000
2022-11-30,16.88548469543457,16.92300033569336,16.93000030517578,15.597000122070312,15.696999549865724,565298000
2022-12-01,17.097007751464844,17.135000228881836,17.264999389648438,16.635000228881836,16.999000549316406,470977000
2022-12-02,16.838581085205078,16.875999450683594,16.933000564575195,16.44499969482422,16.659000396728516,371389000
2022-12-05,16.573177337646484,16.610000610351562,16.9950008392334,16.472000122070312,16.679000854492188,352255000
2022-12-06,15.951556205749512,15.987000465393066,16.572999954223633,15.819000244140623,16.530000686645508,352694000
2022-12-07,16.084260940551758,16.1200008392334,16.18600082397461,15.666999816894531,15.772000312805176,372388000
2022-12-08,17.130939483642578,17.16900062561035,17.179000854492188,15.958999633789062,16.273000717163086,515456000
2022-12-09,16.963308334350586,17.000999450683594,17.58300018310547,16.975000381469727,17.15999984741211,465338000
2022-12-12,17.496126174926758,17.53499984741211,17.538000106811523,16.797000885009766,17.03700065612793,457328000
2022-12-13,18.031932830810547,18.07200050354004,18.790000915527344,17.711000442504883,18.5310001373291,656589000
2022-12-14,17.634817123413086,17.673999786376953,18.25200080871582,17.420000076293945,17.98699951171875,496888000
2022-12-15,16.91441535949707,16.95199966430664,17.31999969482422,16.700000762939453,17.145999908447266,478542000
2022-12-16,16.534255981445312,16.570999145507812,17.041000366210938,16.40999984741211,16.86400032043457,478232000
2022-12-19,16.21796226501465,16.253999710083008,16.608999252319336,16.145000457763672,16.57200050354004,354039000
2022-12-20,16.049333572387695,16.084999084472656,16.309999465942383,15.85200023651123,16.06399917602539,403260000
2022-12-21,16.464412689208984,16.500999450683594,16.62700080871582,16.101999282836914,16.11400032043457,325025000
2022-12-22,15.30499267578125,15.33899974822998,16.13800048828125,14.881999969482422,16.0939998626709,565045000
2022-12-23,15.17228889465332,15.206000328063965,15.33899974822998,14.883000373840332,15.196000099182127,349326000
2022-12-27,14.089694023132324,14.121000289916992,15.100000381469728,14.055999755859377,15.074000358581545,464902000
2022-12-28,14.004881858825684,14.03600025177002,14.26200008392334,13.883999824523926,13.927000045776367,351066000
2022-12-29,14.570623397827148,14.602999687194824,14.68299961090088,14.22700023651123,14.402000427246094,354923000
2022-12-30,14.581600189208984,14.61400032043457,14.628999710083008,14.232999801635742,14.333999633789062,310490000
2023-01-03,14.283263206481934,14.3149995803833,14.996000289916992,14.095999717712402,14.85099983215332,401277000
2023-01-04,14.716301918029783,14.74899959564209,14.852999687194824,14.241000175476074,14.56700038909912,431324000
2023-01-05,14.23337459564209,14.265000343322754,14.564000129699709,14.14799976348877,14.491000175476074,389168000
2023-01-06,14.826056480407717,14.859000205993652,15.010000228881836,14.034000396728516,14.473999977111816,405044000
2023-01-09,15.59335231781006,15.628000259399414,16.055999755859375,15.140999794006348,15.284000396728516,504231000
2023-01-10,15.873730659484863,15.909000396728516,15.961999893188477,15.472000122070312,15.506999969482422,384101000
2023-01-11,15.965526580810549,16.000999450683594,16.027999877929688,15.562999725341797,15.84000015258789,353285000
2023-01-12,16.474393844604492,16.51099967956543,16.636999130249023,15.491999626159668,16.100000381469727,551409000
2023-01-13,16.861534118652344,16.89900016784668,16.922000885009766,16.165000915527344,16.277999877929688,447287000
2023-01-17,17.662757873535156,17.70199966430664,17.72800064086914,16.89900016784668,16.89900016784668,511102000
2023-01-18,17.33847427368164,17.37700080871582,17.87299919128418,17.281999588012695,17.66699981689453,439624000
2023-01-19,16.727832794189453,16.764999389648438,17.19700050354004,16.731000900268555,17.035999298095703,452932000
2023-01-20,17.79945182800293,17.839000701904297,17.856000900268555,16.825000762939453,17.01099967956543,564967000
2023-01-23,19.15045547485352,19.19300079345703,19.2450008392334,17.81800079345703,18.06399917602539,655163000
2023-01-24,19.222286224365234,19.26499938964844,19.4950008392334,18.81999969482422,18.82699966430664,496204000
2023-01-25,19.280160903930664,19.322999954223636,19.3700008392334,18.57999992370605,18.913000106811523,449537000
2023-01-26,19.75809669494629,19.802000045776367,20.166000366210938,19.277999877929688,19.701000213623047,489535000
2023-01-27,20.319849014282227,20.364999771118164,20.62800025939941,19.405000686645508,19.46199989318848,542142000
2023-01-30,19.11952018737793,19.16200065612793,20.13999938964844,19.149999618530277,19.950000762939453,488611000
2023-01-31,19.493688583374023,19.53700065612793,19.687000274658203,18.950000762939453,19.170000076293945,498017000
2023-02-01,20.89657020568848,20.94300079345703,21.191999435424805,19.61100006103516,19.69099998474121,660477000
2023-02-02,21.66086769104004,21.708999633789062,21.948999404907227,20.700000762939453,21.0,564276000
2023-02-03,21.053220748901367,21.100000381469727,21.7450008392334,20.78899955749512,21.0,429366000
2023-02-06,21.042245864868164,21.089000701904297,21.56999969482422,20.785999298095703,20.80599975585937,452197000
2023-02-07,22.12384033203125,22.17300033569336,22.25900077819824,21.149999618530277,21.381999969482425,664150000
2023-02-08,22.155771255493164,22.20499992370605,22.87800025939941,22.007999420166016,22.386999130249023,559651000
2023-02-09,22.287477493286133,22.33699989318848,23.020000457763672,22.1200008392334,22.606000900268555,523876000
2023-02-10,21.217853546142575,21.26499938964844,22.077999114990234,20.81100082397461,21.690000534057617,550737000
2023-02-13,21.73969268798828,21.788000106811523,22.04800033569336,20.96199989318848,21.538000106811523,474919000
2023-02-14,22.92007064819336,22.97100067138672,23.048999786376957,21.36599922180176,21.577999114990234,675474000
2023-02-15,22.713529586791992,22.763999938964844,22.854999542236328,22.106000900268555,22.548999786376957,420575000
2023-02-16,21.95322036743164,22.00200080871582,22.549999237060547,21.927000045776367,22.132999420166016,412026000
2023-02-17,21.3405818939209,21.38800048828125,21.739999771118164,20.975000381469727,21.631000518798828,465888000
2023-02-21,20.609207153320312,20.655000686645508,21.49399948120117,20.618000030517575,21.0,410015000
2023-02-22,20.707984924316406,20.753999710083008,21.10400009155273,20.42099952697754,20.707000732421875,513184000
2023-02-23,23.61153793334961,23.66399955749512,23.88800048828125,23.024999618530277,23.440000534057617,1117995000
2023-02-24,23.234373092651367,23.285999298095703,23.474000930786133,22.94700050354004,23.225000381469727,589716000
2023-02-27,23.448894500732425,23.500999450683597,23.8799991607666,23.45400047302246,23.670000076293945,452994000
2023-02-28,23.164527893066406,23.215999603271484,23.825000762939453,23.20599937438965,23.371999740600582,455963000
2023-03-01,22.647676467895508,22.697999954223636,23.256000518798828,22.507999420166016,23.191999435424805,460026000
2023-03-02,23.26231575012207,23.31399917602539,23.3799991607666,22.43199920654297,22.488000869750977,389415000
2023-03-03,23.837034225463867,23.88999938964844,23.899999618530277,23.1299991607666,23.31999969482422,412393000
2023-03-06,23.50177955627441,23.554000854492188,24.24799919128418,23.48699951171875,23.891000747680664,437429000
2023-03-07,23.24031639099121,23.288000106811523,24.125,23.24099922180176,23.600000381469727,515154000
2023-03-08,24.131486892700195,24.18099975585937,24.200000762939453,23.423999786376957,23.48699951171875,513573000
2023-03-09,23.38801383972168,23.43600082397461,24.45400047302246,23.382999420166016,24.174999237060547,501257000
2023-03-10,22.9179801940918,22.96500015258789,23.62700080871582,22.72599983215332,23.40900039672852,474866000
2023-03-13,22.918975830078125,22.965999603271484,23.29800033569336,22.29700088500977,22.75200080871582,421890000
2023-03-14,24.01372718811035,24.0629997253418,24.2189998626709,23.459999084472656,23.496000289916992,474910000
2023-03-15,24.17839241027832,24.22800064086914,24.285999298095703,23.36000061035156,23.76099967956543,524486000
2023-03-16,25.48870277404785,25.541000366210938,25.58799934387207,23.893999099731445,24.027000427246094,583253000
2023-03-17,25.672325134277344,25.725000381469727,26.39900016784668,25.667999267578125,25.98200035095215,848547000
2023-03-20,25.846967697143555,25.899999618530277,26.02400016784668,25.1299991607666,25.614999771118164,432747000
2023-03-21,26.145357131958008,26.198999404907227,26.392000198364254,25.381000518798828,26.18000030517578,547408000
2023-03-22,26.413803100585938,26.468000411987305,27.589000701904297,26.23699951171875,26.424999237060547,797295000
2023-03-23,27.13532829284668,27.19099998474121,27.499000549316406,26.690000534057617,27.114999771118164,564889000
2023-03-24,26.72416877746582,26.77899932861328,27.16699981689453,26.354999542236328,27.0310001373291,454920000
2023-03-27,26.47667694091797,26.5310001373291,27.0,26.364999771118164,26.83699989318848,361026000
2023-03-28,26.355926513671875,26.40999984741211,26.51300048828125,25.850000381469727,26.44700050354004,356104000
2023-03-29,26.928749084472656,26.983999252319336,27.077999114990234,26.597000122070312,26.825000762939453,393694000
2023-03-30,27.32693099975586,27.382999420166016,27.499000549316406,27.101999282836918,27.22900009155273,364516000
2023-03-31,27.720125198364254,27.777000427246094,27.833999633789062,27.104999542236328,27.13999938964844,433933000
2023-04-03,27.90774345397949,27.96500015258789,28.0,27.336000442504883,27.50900077819824,398716000
2023-04-04,27.396785736083984,27.452999114990234,28.0,27.30699920654297,27.965999603271484,368592000
2023-04-05,26.82596206665039,26.881000518798828,26.99799919128418,26.395000457763672,26.82900047302246,515015000
2023-04-06,26.981637954711918,27.03700065612793,27.07999992370605,26.427000045776367,26.583999633789062,397654000
2023-04-10,27.52252769470215,27.57900047302246,27.621000289916992,26.66900062561035,26.822999954223636,395279000
2023-04-11,27.11336708068848,27.16900062561035,27.790000915527344,27.125999450683597,27.724000930786133,314378000
2023-04-12,26.44074821472168,26.4950008392334,27.468000411987305,26.447999954223636,27.3700008392334,446259000
2023-04-13,26.408811569213867,26.46299934387207,26.886999130249023,26.32900047302246,26.733999252319336,353615000
2023-04-14,26.703208923339844,26.757999420166016,26.882999420166016,26.21999931335449,26.503999710083008,395660000
2023-04-17,26.94671058654785,27.00200080871582,27.006000518798828,26.433000564575195,26.565000534057617,321471000
2023-04-18,27.6103515625,27.66699981689453,28.11000061035156,27.35700035095215,27.53300094604492,604812000
2023-04-19,27.87380790710449,27.93099975585937,28.0,27.23200035095215,27.36100006103516,358660000
2023-04-20,27.04850196838379,27.10400009155273,28.030000686645508,27.0,27.67099952697754,427713000
2023-04-21,27.06346893310547,27.11899948120117,27.183000564575195,26.722000122070312,26.95199966430664,345103000
2023-04-24,26.986631393432617,27.04199981689453,27.36599922180176,26.67099952697754,27.01300048828125,339282000
2023-04-25,26.1872673034668,26.24099922180176,27.246999740600582,26.225000381469727,27.077999114990234,378527000
2023-04-26,26.900798797607425,26.95599937438965,27.32999992370605,26.70499992370605,27.00200080871582,406337000
2023-04-27,27.17025375366211,27.22599983215332,27.4950008392334,26.625,27.363000869750977,377161000
2023-04-28,27.69218063354492,27.749000549316406,27.757999420166016,27.07099914550781,27.225000381469727,292216000
2023-05-01,28.850805282592773,28.90999984741211,29.058000564575195,27.780000686645508,27.84000015258789,570329000
2023-05-02,28.15223693847656,28.209999084472656,28.836000442504883,28.08300018310547,28.68000030517578,402730000
2023-05-03,27.74507713317871,27.802000045776367,28.367000579833984,27.472000122070312,27.84000015258789,383387000
2023-05-04,27.505563735961918,27.562000274658203,27.858999252319336,27.239999771118164,27.650999069213867,321850000
2023-05-05,28.62127494812012,28.68000030517578,28.7549991607666,27.731000900268555,27.826000213623047,361494000
2023-05-08,29.091310501098636,29.150999069213867,29.21999931335449,28.350000381469727,28.52199935913086,344979000
2023-05-09,28.512500762939453,28.57099914550781,28.972999572753903,28.450000762939453,28.89900016784668,314869000
2023-05-10,28.825855255126957,28.88500022888184,29.113000869750977,28.461000442504883,29.0049991607666,369350000
2023-05-11,28.519481658935547,28.577999114990234,28.950000762939453,28.246000289916992,28.895999908447266,322149000
2023-05-12,28.28197288513184,28.34000015258789,28.780000686645508,28.04599952697754,28.52899932861328,274222000
2023-05-15,28.89371490478516,28.952999114990234,28.9689998626709,28.152000427246094,28.507999420166016,293926000
2023-05-16,29.15318298339844,29.21299934387207,29.8700008392334,28.832000732421875,28.840999603271484,449405000
2023-05-17,30.1162052154541,30.17799949645996,30.198999404907227,29.43000030517578,29.583999633789062,432535000
2023-05-18,31.613136291503903,31.67799949645996,31.827999114990234,30.31999969482422,30.40999984741211,748725000
2023-05-19,31.19998550415039,31.263999938964844,31.57999992370605,30.916000366210938,31.535999298095703,473908000
2023-05-22,31.112165451049805,31.176000595092773,31.520000457763672,30.68000030517578,30.900999069213867,372000000
2023-05-23,30.625164031982425,30.6879997253418,31.288000106811523,30.631000518798828,31.0,356253000
2023-05-24,30.475473403930664,30.538000106811523,30.60700035095215,29.80599975585937,30.209999084472656,721419000
2023-05-25,37.9022331237793,37.97999954223633,39.47999954223633,36.6349983215332,38.52299880981445,1543911000
2023-05-26,38.86625289916992,38.94599914550781,39.16999816894531,37.54999923706055,37.88999938964844,714397000
2023-05-30,40.02886962890625,40.11100006103516,41.9379997253418,39.94900131225586,40.595001220703125,923401000
2023-05-31,37.75653076171875,37.83399963378906,40.29499816894531,37.821998596191406,39.48799896240234,1002580000
2023-06-01,39.68857192993164,39.77000045776367,40.04999923706055,38.34000015258789,38.48899841308594,635873000
2023-06-02,39.2464714050293,39.32699966430664,40.5,39.05799865722656,40.09700012207031,482731000
2023-06-05,39.09079360961914,39.17100143432617,39.56499862670898,38.70700073242188,38.90900039672852,396094000
2023-06-06,38.57485961914063,38.65399932861328,39.15999984741211,38.14799880981445,38.83000183105469,388729000
2023-06-07,37.40213394165039,37.47499847412109,39.499000549316406,37.35599899291992,38.915000915527344,511998000
2023-06-08,38.43512725830078,38.5099983215332,38.86399841308594,37.505001068115234,37.7239990234375,417772000
2023-06-09,38.69461441040039,38.77000045776367,39.71099853515625,38.56700134277344,39.0369987487793,427717000
2023-06-12,39.40522766113281,39.48199844360352,39.52999877929688,38.61800003051758,39.20000076293945,388701000
2023-06-13,40.94224166870117,41.02199935913086,41.10100173950195,39.7400016784668,40.18600082397461,613208000
2023-06-14,42.91340637207031,42.99700164794922,43.0,40.55199813842773,40.82400131225586,740465000
2023-06-15,42.570072174072266,42.65299987792969,43.28900146484375,42.14699935913086,42.60200119018555,568622000
2023-06-16,42.60899353027344,42.69200134277344,43.72100067138672,42.6609992980957,43.45000076293945,655709000
2023-06-20,43.72282791137695,43.80799865722656,43.9900016784668,42.67399978637695,42.99800109863281,451153000
2023-06-21,42.96131134033203,43.04499816894531,43.6150016784668,42.08000183105469,43.5009994506836,551603000
2023-06-22,42.941349029541016,43.025001525878906,43.42599868774414,42.23400115966797,42.25299835205078,417737000
2023-06-23,42.12692642211914,42.20899963378906,42.80899810791016,42.01499938964844,42.4640007019043,358140000
2023-06-26,40.55299758911133,40.63199996948242,42.76399993896485,40.09999847412109,42.46099853515625,594322000
2023-06-27,41.794578552246094,41.8759994506836,41.93999862670898,40.448001861572266,40.79899978637695,462175000
2023-06-28,41.03705596923828,41.117000579833984,41.845001220703125,40.51800155639648,40.65999984741211,582639000
2023-06-29,40.74262619018555,40.821998596191406,41.59999847412109,40.59999847412109,41.55799865722656,380514000
2023-06-30,42.2197494506836,42.30199813842773,42.54999923706055,41.5009994506836,41.68000030517578,501148000
2023-07-03,42.33053207397461,42.41299819946289,42.89799880981445,42.20199966430664,42.516998291015625,198209000
2023-07-05,42.23473358154297,42.31700134277344,43.17699813842773,42.084999084472656,42.1349983215332,323618000
2023-07-06,42.021141052246094,42.10300064086914,42.17900085449219,41.34600067138672,41.84400177001953,303582000
2023-07-07,42.42036056518555,42.50299835205078,43.2140007019043,42.18000030517578,42.321998596191406,355881000
2023-07-10,42.097991943359375,42.18000030517578,42.81100082397461,41.64899826049805,42.65700149536133,353908000
2023-07-11,42.32255172729492,42.40499877929688,42.757999420166016,42.06700134277344,42.48099899291992,298244000
2023-07-12,43.81663513183594,43.902000427246094,43.935001373291016,42.777000427246094,43.03300094604492,481277000
2023-07-13,45.88761520385742,45.97700119018555,46.15499877929688,44.492000579833984,44.51800155639648,478204000
2023-07-14,45.38059997558594,45.46900177001953,48.0880012512207,45.060001373291016,46.58300018310547,772075000
2023-07-17,46.37066268920898,46.46099853515625,46.49599838256836,45.262001037597656,46.28900146484375,510488000
2023-07-18,47.40165328979492,47.49399948120117,47.89599990844727,45.73400115966797,46.70100021362305,569164000
2023-07-19,46.98545837402344,47.07699966430664,47.81800079345703,46.742000579833984,47.4640007019043,427502000
2023-07-20,45.43149185180664,45.52000045776367,47.08700180053711,45.0620002746582,46.50699996948242,537865000
2023-07-21,44.22285079956055,44.30899810791016,45.86600112915039,44.09999847412109,45.78799819946289,963769000
2023-07-24,44.5252571105957,44.61199951171875,45.10900115966797,44.040000915527344,44.73099899291992,382516000
2023-07-25,45.59018707275391,45.67900085449219,46.18299865722656,44.92300033569336,44.94100189208984,348081000
2023-07-26,45.36362457275391,45.45199966430664,46.053001403808594,44.630001068115234,46.02099990844727,364237000
2023-07-27,45.81075668334961,45.900001525878906,47.39500045776367,45.75,46.51900100708008,455976000
2023-07-28,46.65910339355469,46.75,47.027000427246094,46.38100051879883,46.667999267578125,331194000
2023-07-31,46.63813400268555,46.729000091552734,47.130001068115234,46.50600051879883,46.75400161743164,251055000
2023-08-01,46.41657257080078,46.50699996948242,46.900001525878906,46.027000427246094,46.459999084472656,237858000
2023-08-02,44.18292999267578,44.26900100708008,45.84000015258789,43.387001037597656,45.83100128173828,530142000
2023-08-03,44.4284553527832,44.51499938964844,45.11800003051758,43.79999923706055,43.79999923706055,324176000
2023-08-04,44.59313201904297,44.68000030517578,45.641998291015625,44.39300155639648,44.98500061035156,362666000
2023-08-07,45.32870101928711,45.41699981689453,45.540000915527344,44.5629997253418,45.11100006103516,322154000
2023-08-08,44.57715606689453,44.66400146484375,45.242000579833984,44.055999755859375,44.85300064086914,353843000
2023-08-09,42.47126770019531,42.55400085449219,44.3120002746582,42.13399887084961,44.27399826049805,586449000
2023-08-10,42.30558395385742,42.38800048828125,43.57400131225586,41.834999084472656,42.15999984741211,492705000
2023-08-11,40.77556991577149,40.85499954223633,42.01800155639648,40.63899993896485,41.7509994506836,533085000
2023-08-14,43.667930603027344,43.75299835205078,43.79999923706055,40.31100082397461,40.48600006103516,690286000
2023-08-15,43.85457229614258,43.93999862670898,45.26800155639648,43.709999084472656,44.560001373291016,676512000
2023-08-16,43.40144729614258,43.48600006103516,44.67499923706055,43.40599822998047,44.52000045776367,527451000
2023-08-17,43.25972366333008,43.34400177001953,44.0620002746582,43.0009994506836,43.970001220703125,452395000
2023-08-18,43.21481323242188,43.29899978637695,43.57799911499024,41.65999984741211,42.6349983215332,583768000
2023-08-21,46.87568664550781,46.96699905395508,47.06499862670898,44.22200012207031,44.49399948120117,692573000
2023-08-22,45.57920455932617,45.667999267578125,48.1870002746582,45.33300018310547,48.1349983215332,755293000
2023-08-23,47.02439498901367,47.11600112915039,47.20000076293945,45.20800018310547,45.86600112915039,779046000
2023-08-24,47.07129669189453,47.16299819946289,50.26599884033203,47.15900039672852,50.21599960327149,1156044000
2023-08-25,45.92853164672852,46.01800155639648,47.80500030517578,45.02399826049805,47.012001037597656,925341000
2023-08-28,46.74394226074219,46.834999084472656,46.97999954223633,44.88800048828125,46.48199844360352,685192000
2023-08-29,48.68914413452149,48.78400039672852,49.08100128173828,46.39099884033203,46.66600036621094,701397000
2023-08-30,49.16820907592773,49.26399993896485,49.92699813842773,48.42499923706055,49.04399871826172,735206000
2023-08-31,49.259037017822266,49.35499954223633,49.74399948120117,48.95800018310547,49.380001068115234,528570000
2023-09-01,48.41468048095703,48.50899887084961,49.79999923706055,48.141998291015625,49.762001037597656,463830000
2023-09-05,48.45360565185547,48.54800033569336,48.85100173950195,47.86000061035156,48.22299957275391,382653000
2023-09-06,46.97337341308594,47.06100082397461,48.54899978637695,46.58000183105469,48.44100189208984,468670000
2023-09-07,46.1548957824707,46.24100112915039,46.34400177001953,45.152000427246094,45.525001525878906,433330000
2023-09-08,45.48714065551758,45.571998596191406,46.60599899291992,45.27099990844727,45.94200134277344,473069000
2023-09-11,45.0938720703125,45.178001403808594,46.16299819946289,44.3120002746582,46.14799880981445,473966000
2023-09-12,44.78644561767578,44.869998931884766,45.67300033569336,44.53099822998047,44.73799896240234,349256000
2023-09-13,45.40030670166016,45.48500061035156,45.93000030517578,44.50299835205078,44.59999847412109,398355000
2023-09-14,45.496131896972656,45.58100128173828,45.98699951171875,45.13100051879883,45.95000076293945,370097000
2023-09-15,43.8182487487793,43.900001525878906,45.5989990234375,43.80799865722656,45.34099960327149,506831000
2023-09-18,43.884124755859375,43.96599960327149,44.242000579833984,42.0,42.74800109863281,500271000
2023-09-19,43.43896484375,43.52000045776367,43.96599960327149,43.00199890136719,43.83300018310547,373064000
2023-09-20,42.16035461425781,42.23899841308594,43.90299987792969,42.22299957275391,43.59999847412109,367108000
2023-09-21,40.94062423706055,41.016998291015625,42.09999847412109,40.97999954223633,41.58300018310547,450736000
2023-09-22,41.53252410888672,41.61000061035156,42.1150016784668,41.23099899291992,41.571998596191406,479236000
2023-09-25,42.14337921142578,42.22200012207031,42.5359992980957,41.17699813842773,41.59099960327149,419091000
2023-09-26,41.83296203613281,41.9109992980957,42.81999969482422,41.65499877929688,42.0009994506836,402282000
2023-09-27,42.388916015625,42.46799850463867,42.87200164794922,41.62900161743164,42.33000183105469,444935000
2023-09-28,43.008766174316406,43.0890007019043,43.44599914550781,42.1150016784668,42.459999084472656,424663000
2023-09-29,43.4179916381836,43.499000549316406,44.14400100708008,43.30699920654297,43.82699966430664,397830000
2023-10-02,44.698612213134766,44.78200149536133,45.17499923706055,43.86100006103516,44.02999877929688,433298000
2023-10-03,43.43596649169922,43.516998291015625,45.130001068115234,43.24599838256836,44.80799865722656,470850000
2023-10-04,43.95898818969727,44.04100036621094,44.14300155639648,43.29199981689453,43.742000579833984,361821000
2023-10-05,44.60478973388672,44.6879997253418,44.900001525878906,43.88800048828125,44.04999923706055,393483000
2023-10-06,45.67679214477539,45.762001037597656,45.78900146484375,44.0260009765625,44.19300079345703,434436000
2023-10-09,45.18869400024414,45.27299880981445,45.60499954223633,44.36800003051758,44.84199905395508,409675000
2023-10-10,45.71272277832031,45.79800033569336,46.25899887084961,45.0880012512207,45.310001373291016,368582000
2023-10-11,46.718841552734375,46.805999755859375,46.85900115966797,46.04999923706055,46.19599914550781,378137000
2023-10-12,46.85757827758789,46.94499969482422,47.60900115966797,46.33000183105469,46.777000427246094,481325000
2023-10-13,45.376346588134766,45.46099853515625,47.11600112915039,45.27999877929688,46.959999084472656,474115000
2023-10-16,46.00917053222656,46.095001220703125,46.22499847412109,44.9119987487793,45.0629997253418,375099000
2023-10-17,43.85619354248047,43.9379997253418,44.75400161743164,42.47999954223633,44.0,812333000
2023-10-18,42.11742782592773,42.19599914550781,43.21900177001953,41.82500076293945,42.59099960327149,627294000
2023-10-19,42.02261352539063,42.10100173950195,43.297000885009766,41.88199996948242,42.81100082397461,501233000
2023-10-20,41.3099365234375,41.387001037597656,42.470001220703125,41.07799911499024,41.88999938964844,477266000
2023-10-23,42.89497756958008,42.97499847412109,43.24800109863281,40.94499969482422,41.229000091552734,478530000
2023-10-24,43.58169174194336,43.66299819946289,43.696998596191406,42.69100189208984,43.07699966430664,401463000
2023-10-25,41.7011947631836,41.77899932861328,43.650001525878906,41.55500030517578,43.39799880981445,398379000
2023-10-26,40.25090789794922,40.32600021362305,42.25600051879883,39.880001068115234,41.85300064086914,541001000
2023-10-27,40.42458724975586,40.5,41.20600128173828,40.01499938964844,41.130001068115234,416784000
2023-10-30,41.0843620300293,41.1609992980957,41.76599884033203,40.48099899291992,41.08700180053711,388028000
2023-10-31,40.704063415527344,40.77999877929688,40.87900161743164,39.22999954223633,40.45000076293945,517969000
2023-11-01,42.246192932128906,42.32500076293945,42.38100051879883,40.86899948120117,40.88399887084961,437593000
2023-11-02,43.42498397827149,43.50600051879883,43.88399887084961,42.89400100708008,43.32799911499024,409172000
2023-11-03,44.921199798583984,45.005001068115234,45.30899810791016,43.72299957275391,44.02000045776367,424610000
2023-11-06,45.665802001953125,45.7509994506836,45.935001373291016,44.89899826049805,45.28499984741211,400733000
2023-11-07,45.86942672729492,45.95500183105469,46.21799850463867,45.15800094604492,45.71900177001953,343165000
2023-11-08,46.48727416992188,46.57400131225586,46.867000579833984,45.96799850463867,46.09999847412109,346719000
2023-11-09,46.86257553100586,46.95000076293945,48.22999954223633,46.75,47.46699905395508,540496000
2023-11-10,48.2449951171875,48.334999084472656,48.47200012207031,47.28300094604492,47.5,421245000
2023-11-13,48.52946090698242,48.619998931884766,49.11600112915039,48.0989990234375,48.31999969482422,384136000
2023-11-14,49.56353759765625,49.65599822998047,49.83399963378906,49.040000915527344,49.68000030517578,416954000
2023-11-15,48.79697036743164,48.88800048828125,49.959999084472656,48.20000076293945,49.935001373291016,475497000
2023-11-16,49.38786315917969,49.47999954223633,49.525001525878906,48.33000183105469,48.67900085449219,339756000
2023-11-17,49.20620727539063,49.29800033569336,49.71699905395508,49.00699996948242,49.52399826049805,325205000
2023-11-20,50.31514358520508,50.40900039672852,50.54800033569336,49.180999755859375,49.3120002746582,414120000
2023-11-21,49.85099792480469,49.94400024414063,50.516998291015625,49.22200012207031,50.1259994506836,565747000
2023-11-22,48.62528991699219,48.71599960327149,50.334999084472656,47.68999862670898,49.85200119018555,899420000
2023-11-24,47.68703842163086,47.7760009765625,48.92100143432617,47.744998931884766,48.470001220703125,294645000
2023-11-27,48.15216827392578,48.242000579833984,48.52999877929688,47.652000427246094,47.79999923706055,395662000
2023-11-28,47.73194885253906,47.82099914550781,48.323001861572266,47.47299957275391,48.23600006103516,401491000
2023-11-29,48.05035781860352,48.13999938964844,48.762001037597656,47.86000061035156,48.37900161743164,382005000
2023-11-30,46.68291091918945,46.77000045776367,48.11000061035156,46.422000885009766,48.02399826049805,526247000
2023-12-01,46.67791748046875,46.76499938964844,47.20000076293945,46.1870002746582,46.525001525878906,369317000
2023-12-04,45.42525100708008,45.5099983215332,46.07699966430664,45.0099983215332,46.07699966430664,437543000
2023-12-05,46.48338317871094,46.56600189208984,46.59999847412109,45.27099990844727,45.46599960327149,371718000
2023-12-06,45.42225646972656,45.50299835205078,47.387001037597656,45.4119987487793,47.21500015258789,380590000
2023-12-07,46.51332473754883,46.59600067138672,46.62900161743164,45.604000091552734,45.70000076293945,350823000
2023-12-08,47.42171478271485,47.50600051879883,47.74100112915039,46.54999923706055,46.595001220703125,359224000
2023-12-11,46.54426956176758,46.62699890136719,47.53099822998047,45.83000183105469,47.49100112915039,509728000
2023-12-12,47.57244491577149,47.65700149536133,47.66600036621094,46.04600143432617,46.04600143432617,372387000
2023-12-13,48.00268173217773,48.0880012512207,48.59400177001953,47.608001708984375,47.62900161743164,447792000
2023-12-14,48.26420593261719,48.34999847412109,48.66999816894531,47.422000885009766,48.38999938964844,391232000
2023-12-15,48.803253173828125,48.88999938964844,49.40399932861328,48.119998931884766,48.19400024414063,479948000
2023-12-18,49.9881477355957,50.07699966430664,50.43299865722656,49.150001525878906,49.400001525878906,412587000
2023-12-19,49.51598358154297,49.604000091552734,49.70000076293945,48.89500045776367,49.42399978637695,464444000
2023-12-20,48.025634765625,48.11100006103516,49.999000549316406,48.09799957275391,49.65499877929688,397894000
2023-12-21,48.903076171875,48.9900016784668,49.095001220703125,48.41899871826172,48.81100082397461,300425000
2023-12-22,48.74336242675781,48.83000183105469,49.382999420166016,48.46699905395508,49.19499969482422,252507000
2023-12-26,49.19156265258789,49.27899932861328,49.59999847412109,48.959999084472656,48.96799850463867,244200000
2023-12-27,49.329322814941406,49.41699981689453,49.68000030517578,49.084999084472656,49.51100158691406,233648000
2023-12-28,49.43413162231445,49.52199935913086,49.88399887084961,49.4119987487793,49.64300155639648,246587000
2023-12-29,49.43413162231445,49.52199935913086,49.99700164794922,48.7509994506836,49.8129997253418,389293000
2024-01-02,48.08253479003906,48.167999267578125,49.29499816894531,47.595001220703125,49.24399948120117,411254000
2024-01-03,47.484596252441406,47.56900024414063,48.18399810791016,47.31999969482422,47.48500061035156,320896000
2024-01-04,47.912845611572266,47.99800109863281,48.5,47.507999420166016,47.766998291015625,306535000
2024-01-05,49.009883880615234,49.09700012207031,49.547000885009766,48.305999755859375,48.46200180053711,415039000
2024-01-08,52.16028594970703,52.25299835205078,52.275001525878906,49.479000091552734,49.512001037597656,642510000
2024-01-09,53.045711517333984,53.13999938964844,54.32500076293945,51.68999862670898,52.4010009765625,773100000
2024-01-10,54.253562927246094,54.34999847412109,54.59999847412109,53.48899841308594,53.61600112915039,533796000
2024-01-11,54.724727630615234,54.821998596191406,55.34600067138672,53.560001373291016,54.999000549316406,596759000
2024-01-12,54.6129264831543,54.709999084472656,54.970001220703125,54.33000183105469,54.619998931884766,352994000
2024-01-16,56.281959533691406,56.38199996948242,56.834999084472656,54.900001525878906,55.01800155639648,449580000
2024-01-17,55.95354461669922,56.053001403808594,56.47100067138672,54.7400016784668,56.34700012207031,474394000
2024-01-18,57.005672454833984,57.10699844360352,57.59999847412109,56.10699844360352,57.2599983215332,491650000
2024-01-19,59.38544464111328,59.49100112915039,59.5,57.22499847412109,57.98899841308594,543501000
2024-01-22,59.54816436767578,59.65399932861328,60.33100128173828,59.06999969482422,60.04899978637695,452955000
2024-01-23,59.76677322387695,59.87300109863281,59.90999984741211,58.584999084472656,59.56999969482422,294654000
2024-01-24,61.25312805175781,61.36199951171875,62.8489990234375,59.9379997253418,60.30400085449219,560271000
2024-01-25,61.50767517089844,61.617000579833984,62.71900177001953,60.84999847412109,62.34999847412109,482777000
2024-01-26,60.92271423339844,61.03099822998047,61.78300094604492,60.573001861572266,60.959999084472656,390309000
2024-01-29,62.35416793823242,62.46500015258789,62.48899841308594,60.90700149536133,61.23199844360352,348733000
2024-01-30,62.66261672973633,62.77399826049805,63.49300003051758,62.2599983215332,62.900001525878906,410735000
2024-01-31,61.4178352355957,61.527000427246094,62.26900100708008,60.70000076293945,61.43999862670898,453795000
2024-02-01,62.9151725769043,63.027000427246094,63.19100189208984,61.650001525878906,62.09999847412109,369146000
2024-02-02,66.04263305664062,66.16000366210938,66.5999984741211,63.68999862670898,63.9739990234375,476578000
2024-02-05,69.20897674560547,69.33200073242188,69.49700164794922,67.20500183105469,68.2249984741211,680078000
2024-02-06,68.1019515991211,68.2229995727539,69.75399780273438,66.30000305175781,69.62999725341797,683111000
2024-02-07,69.97461700439453,70.0989990234375,70.22000122070312,67.5999984741211,68.31900024414062,495575000
2024-02-08,69.51744079589844,69.64099884033203,70.79399871826172,69.45500183105469,70.0739974975586,414422000
2024-02-09,72.00501251220703,72.13300323486328,72.18499755859375,70.21199798583984,70.53299713134766,436637000
2024-02-12,72.11981201171875,72.24800109863281,74.61100006103516,71.25,72.5999984741211,613710000
2024-02-13,72.0000228881836,72.12799835205078,73.44999694824219,69.62000274658203,70.4000015258789,602580000
2024-02-14,73.76887512207031,73.9000015258789,74.23600006103516,71.93800354003906,73.2020034790039,504917000
2024-02-15,72.52909088134766,72.65799713134766,73.9749984741211,72.4000015258789,73.86900329589844,420122000
2024-02-16,72.4841537475586,72.61299896240234,74.4020004272461,72.5009994506836,74.0999984741211,495327000
2024-02-20,69.32877349853516,69.4520034790039,71.95600128173828,67.73400115966797,71.9469985961914,704833000
2024-02-21,67.35228729248047,67.47200012207031,68.88800048828125,66.24800109863281,68.00599670410156,673755000
2024-02-22,78.39864349365234,78.53800201416016,78.57499694824219,74.22000122070312,75.0250015258789,865100000
2024-02-23,78.6771469116211,78.81700134277344,82.39399719238281,77.56999969482422,80.79000091552734,829388000
2024-02-26,78.95167541503906,79.09200286865234,80.64600372314453,78.50499725341797,79.69999694824219,503973000
2024-02-27,78.56135559082031,78.70099639892578,79.4800033569336,77.16200256347656,79.38099670410156,391705000
2024-02-28,77.52519989013672,77.66300201416016,78.93299865722656,77.125,77.62000274658203,393110000
2024-02-29,78.97162628173828,79.11199951171875,79.98999786376953,78.3499984741211,79.09400177001953,507289000
2024-03-01,82.13300323486328,82.27899932861328,82.30000305175781,79.43499755859375,80.0,479135000
2024-03-04,85.08575439453125,85.23699951171875,87.69499969482422,83.71900177001953,84.12999725341797,615616000
2024-03-05,85.81550598144531,85.96399688720703,86.09700012207031,83.41699981689453,85.2699966430664,520639000
2024-03-06,88.54676818847656,88.69999694824219,89.7239990234375,87.02999877929688,88.02200317382812,582520000
2024-03-07,92.5089111328125,92.66899871826172,92.76699829101562,89.60199737548828,90.15799713134766,608119000
2024-03-08,87.37679290771484,87.52799987792969,97.4000015258789,86.50599670410156,95.13800048828124,1142269000
2024-03-11,85.62582397460938,85.77400207519531,88.7969970703125,84.16600036621094,86.42900085449219,678364000
2024-03-12,91.75421905517578,91.91300201416016,91.95999908447266,86.1500015258789,88.04900360107422,668075000
2024-03-13,90.73098754882812,90.88800048828124,91.50399780273438,88.43499755859375,91.05500030517578,635713000
2024-03-14,87.79207611083984,87.94400024414062,90.64600372314452,86.5999984741211,89.5770034790039,602318000
2024-03-15,87.68525695800781,87.83699798583984,89.5459976196289,86.25700378417969,86.93000030517578,642086000
2024-03-18,88.30220031738281,88.45500183105469,92.40499877929688,87.08499908447266,90.38800048828124,668976000
2024-03-19,89.24356842041016,89.39800262451172,90.54399871826172,85.01000213623047,86.69999694824219,672171000
2024-03-20,90.21589660644533,90.37200164794922,90.41000366210938,88.2229995727539,89.7969970703125,479063000
2024-03-21,91.27704620361328,91.43499755859376,92.64800262451172,90.40499877929688,92.3000030517578,480372000
2024-03-22,94.12611389160156,94.28900146484376,94.77799987792967,90.83399963378906,91.14099884033205,586719000
2024-03-25,94.83788299560548,95.0019989013672,96.76599884033205,93.51000213623048,93.94100189208984,552136000
2024-03-26,92.40110778808594,92.56099700927734,96.375,92.5019989013672,95.85099792480467,513648000
2024-03-27,90.0940933227539,90.25,93.23999786376952,89.12300109863281,93.11199951171876,586067000
2024-03-28,90.19991302490234,90.3560028076172,91.3000030517578,89.19300079345703,90.0,435212000
2024-04-01,90.20690155029295,90.36299896240234,92.2249984741211,89.2040023803711,90.29900360107422,452441000
2024-04-02,89.29747772216797,89.4520034790039,90.09400177001952,87.62000274658203,88.447998046875,433064000
2024-04-03,88.81031036376953,88.96399688720703,90.3740005493164,88.4000015258789,88.48400115966797,370067000
2024-04-04,85.75659942626953,85.90499877929688,90.63400268554688,85.87999725341797,90.40599822998048,434965000
2024-04-05,87.85597229003906,88.00800323486328,88.48100280761719,85.9260025024414,86.86599731445312,399678000
2024-04-08,86.98248291015625,87.13300323486328,88.83000183105469,86.73200225830078,88.69999694824219,283220000
2024-04-09,85.20654296875,85.35399627685547,87.63500213623047,83.02200317382812,87.44200134277344,501700000
2024-04-10,86.8886489868164,87.03900146484375,87.4000015258789,83.70899963378906,83.9260025024414,431929000
2024-04-11,90.4594497680664,90.61599731445312,90.73899841308594,86.9260025024414,87.41999816894531,431637000
2024-04-12,88.0336685180664,88.18599700927734,90.1750030517578,87.52999877929688,89.6989974975586,426805000
2024-04-15,85.85240936279297,86.0009994506836,90.61299896240234,85.92900085449219,89.0979995727539,443077000
2024-04-16,87.26399993896484,87.41500091552734,88.11799621582031,86.06400299072266,86.43299865722656,370453000
2024-04-17,83.88982391357422,84.03500366210938,88.7750015258789,83.94999694824219,88.33999633789062,495400000
2024-04-18,84.52471160888672,84.6709976196289,86.19000244140625,82.4020004272461,84.97000122070312,447260000
2024-04-19,76.06836700439453,76.19999694824219,84.3239974975586,75.60600280761719,83.1500015258789,875198000
2024-04-22,79.38063049316406,79.51799774169922,80.072998046875,76.4000015258789,78.10399627685547,596341000
2024-04-23,82.28060913085938,82.4229965209961,82.76899719238281,80.26399993896484,80.76899719238281,438559000
2024-04-24,79.53936767578125,79.677001953125,84.08200073242188,79.18299865722656,83.94999694824219,512208000
2024-04-25,82.48925018310547,82.63200378417969,83.322998046875,78.2229995727539,78.86799621582031,424641000
2024-04-26,87.58344268798828,87.73500061035156,88.33100128173828,83.38700103759766,83.81800079345703,551011000
2024-04-29,87.60540008544922,87.75700378417969,87.99199676513672,85.26599884033203,87.59500122070312,388971000
2024-04-30,86.25274658203125,86.4020004272461,88.81900024414062,86.30000305175781,87.23999786376953,363709000
2024-05-01,82.89754486083984,83.04100036621094,86.0,81.25499725341797,85.0770034790039,559863000
2024-05-02,85.66874694824219,85.81700134277344,86.23699951171875,83.19999694824219,84.4489974975586,377898000
2024-05-03,88.63561248779297,88.78900146484375,89.28099822998047,87.04000091552734,87.78900146484375,398341000
2024-05-06,91.9808349609375,92.13999938964844,92.22000122070312,89.05500030517578,89.38999938964844,376203000
2024-05-07,90.3975601196289,90.5540008544922,91.78099822998048,89.01100158691406,91.0979995727539,437342000
2024-05-08,90.2558135986328,90.41200256347656,91.19400024414062,89.41999816894531,89.48300170898438,325721000
2024-05-09,88.59368896484375,88.74700164794922,91.0719985961914,88.23100280761719,90.52899932861328,378013000
2024-05-10,89.72273254394531,89.87799835205078,91.4010009765625,89.22699737548828,90.30500030517578,335325000
2024-05-13,90.24282836914062,90.39900207519533,90.9980010986328,88.52899932861328,90.47799682617188,289680000
2024-05-14,91.19818115234376,91.3560028076172,91.6510009765625,88.93399810791016,89.5989990234375,296507000
2024-05-15,94.4665298461914,94.62999725341795,94.86199951171876,91.5989990234375,92.47200012207033,417735000
2024-05-16,94.1959991455078,94.35900115966795,95.81900024414062,94.10299682617188,94.91000366210938,323952000
2024-05-17,92.3192367553711,92.47899627685548,94.73999786376952,91.80599975585938,94.36900329589844,359691000
2024-05-20,94.61627197265624,94.77999877929688,95.1999969482422,93.44000244140624,93.75,318764000
2024-05-21,95.22122192382812,95.38600158691406,95.4000015258789,93.18000030517578,93.5989990234375,328946000
2024-05-22,94.78597259521484,94.9499969482422,96.0199966430664,93.2490005493164,95.45899963378906,548648000
2024-05-23,103.61969757080078,103.79900360107422,106.31999969482422,101.5199966430664,102.02799987792967,835065000
2024-05-24,106.28507232666016,106.46900177001952,106.4749984741211,103.0,104.4489974975586,429494000
2024-05-28,113.70423126220705,113.9010009765625,114.93900299072266,109.88300323486328,110.24400329589844,652728000
2024-05-29,114.62664031982422,114.8249969482422,115.49199676513672,110.9010009765625,113.0500030517578,557442000
2024-05-30,110.3091049194336,110.5,115.81900024414062,109.66300201416016,114.6500015258789,484553000
2024-05-31,109.44361877441406,109.63300323486328,112.71700286865234,106.94000244140624,112.5199966430664,613263000
2024-06-03,114.80133819580078,115.0,115.0,112.00299835205078,113.62100219726562,438392000
2024-06-04,116.2358627319336,116.43699645996094,116.5999984741211,114.04499816894533,115.71600341796876,403324000
2024-06-05,122.22848510742188,122.44000244140624,122.4489974975586,117.46800231933594,118.37100219726562,528402000
2024-06-06,120.78897094726562,120.9980010986328,125.58699798583984,118.31999969482422,124.0479965209961,664696000
2024-06-07,120.67916870117188,120.88800048828124,121.69200134277344,118.02200317382812,119.7699966430664,412386000
2024-06-10,121.57960510253906,121.79000091552734,123.0999984741211,117.01000213623048,120.37000274658205,313434100
2024-06-11,120.71104431152344,120.91000366210938,122.87000274658205,118.73999786376952,121.7699966430664,222551200
2024-06-12,124.99398040771484,125.1999969482422,126.87999725341795,122.56999969482422,123.05999755859376,299595000
2024-06-13,129.39674377441406,129.61000061035156,129.8000030517578,127.16000366210938,129.38999938964844,260704500
2024-06-14,131.6630096435547,131.8800048828125,132.83999633789062,128.32000732421875,129.9600067138672,309320400
2024-06-17,130.76449584960938,130.97999572753906,133.72999572753906,129.5800018310547,132.99000549316406,288504400
2024-06-18,135.35690307617188,135.5800018310547,136.3300018310547,130.69000244140625,131.13999938964844,294335100
2024-06-20,130.5648193359375,130.77999877929688,140.75999450683594,129.52000427246094,139.8000030517578,517768400
2024-06-21,126.36172485351562,126.56999969482422,130.6300048828125,124.3000030517578,127.12000274658205,649445800
2024-06-24,117.91563415527344,118.11000061035156,124.45999908447266,118.04000091552734,123.23999786376952,476060900
2024-06-25,125.88251495361328,126.08999633789062,126.5,119.31999969482422,121.1999969482422,414192600
2024-06-26,126.19200134277344,126.4000015258789,128.1199951171875,122.5999984741211,126.12999725341795,362975900
2024-06-27,123.78597259521484,123.98999786376952,126.41000366210938,122.91999816894533,124.0999984741211,252571700
2024-06-28,123.3367156982422,123.54000091552734,127.70999908447266,122.75,124.58000183105467,315516700
2024-07-01,124.09547424316406,124.3000030517578,124.83999633789062,118.83000183105467,123.47000122070312,284885500
2024-07-02,122.4681396484375,122.66999816894533,123.41000366210938,121.02999877929688,121.12999725341795,218374000
2024-07-03,128.0689239501953,128.27999877929688,128.27999877929688,121.36000061035156,121.66000366210938,215749000
2024-07-05,125.6229476928711,125.83000183105467,128.85000610351562,125.68000030517578,127.37999725341795,214176700
2024-07-08,127.98902130126952,128.1999969482422,130.77000427246094,127.04000091552734,127.48999786376952,237677300
2024-07-09,131.163818359375,131.3800048828125,133.82000732421875,128.64999389648438,130.35000610351562,285366600
2024-07-10,134.6880340576172,134.91000366210938,135.10000610351562,132.4199981689453,134.02999877929688,248978600
2024-07-11,127.19036865234376,127.4000015258789,136.14999389648438,127.0500030517578,135.75,374782700
2024-07-12,129.02734375,129.24000549316406,131.9199981689453,127.22000122070312,128.25999450683594,252680500
2024-07-15,128.22865295410156,128.44000244140625,131.38999938964844,127.18000030517578,130.55999755859375,208326200
2024-07-16,126.1520767211914,126.36000061035156,129.0399932861328,124.58000183105467,128.44000244140625,214769500
2024-07-17,117.79584503173828,117.98999786376952,121.8499984741211,116.72000122070312,121.3499984741211,390086200
2024-07-18,120.89073944091795,121.08999633789062,122.4000015258789,116.55999755859376,121.8499984741211,320979500
2024-07-19,117.73594665527344,117.93000030517578,121.5999984741211,117.37000274658205,120.3499984741211,217223800
2024-07-22,123.3367156982422,123.54000091552734,124.06999969482422,119.86000061035156,120.3499984741211,258068900
2024-07-23,122.3882827758789,122.58999633789062,124.69000244140624,122.0999984741211,122.77999877929688,173911000
2024-07-24,114.06201171875,114.25,119.9499969482422,113.44000244140624,119.16999816894533,327776900
2024-07-25,112.09523010253906,112.27999877929688,116.62999725341795,106.3000030517578,113.04000091552734,460067000
2024-07-26,112.87394714355467,113.05999755859376,116.1999969482422,111.58000183105467,116.19000244140624,293399100
2024-07-29,111.40637969970705,111.58999633789062,116.27999877929688,111.3000030517578,113.69000244140624,248152100
2024-07-30,103.55931091308594,103.7300033569336,111.98999786376952,102.54000091552734,111.5199966430664,486833300
2024-07-31,116.82742309570312,117.0199966430664,118.33999633789062,110.87999725341795,112.9000015258789,473174200
2024-08-01,109.0302963256836,109.20999908447266,120.16000366210938,106.80999755859376,117.52999877929688,523462300
2024-08-02,107.09347534179688,107.2699966430664,108.72000122070312,101.37000274658205,103.76000213623048,482027500
2024-08-05,100.2847137451172,100.4499969482422,103.41000366210938,90.69000244140624,92.05999755859376,552842400
2024-08-06,104.07845306396484,104.25,107.70999908447266,100.5500030517578,103.83999633789062,409012100
2024-08-07,98.74724578857422,98.91000366210938,108.8000030517578,98.69000244140624,107.80999755859376,411440400
2024-08-08,104.7972640991211,104.97000122070312,105.5,97.5199966430664,102.0,391910000
2024-08-09,104.57762908935548,104.75,106.5999984741211,103.43000030517578,105.63999938964844,290844200
2024-08-12,108.84061431884766,109.0199966430664,111.06999969482422,106.26000213623048,106.31999969482422,325559900
2024-08-13,115.94888305664062,116.13999938964844,116.2300033569336,111.58000183105467,112.44000244140624,312646700
2024-08-14,117.8857192993164,118.08000183105467,118.5999984741211,114.06999969482422,118.52999877929688,339246400
2024-08-15,122.6578369140625,122.86000061035156,123.23999786376952,117.47000122070312,118.76000213623048,318086700
2024-08-16,124.37500762939452,124.58000183105467,125.0,121.18000030517578,121.94000244140624,302589900
2024-08-19,129.7860565185547,130.0,130.0,123.41999816894533,124.27999877929688,318333600
2024-08-20,127.04061126708984,127.25,129.8800048828125,125.88999938964844,128.39999389648438,300087400
2024-08-21,128.28854370117188,128.5,129.35000610351562,126.66000366210938,127.31999969482422,257883600
2024-08-22,123.536376953125,123.73999786376952,130.75,123.0999984741211,130.02000427246094,376189100
2024-08-23,129.15711975097656,129.3699951171875,129.60000610351562,125.22000122070312,125.86000061035156,323230300
2024-08-26,126.25191497802734,126.45999908447266,131.25999450683594,124.37000274658205,129.57000732421875,331964700
2024-08-27,128.0889129638672,128.3000030517578,129.1999969482422,123.87999725341795,125.0500030517578,303134600
2024-08-28,125.40331268310548,125.61000061035156,128.3300018310547,122.63999938964844,128.1199951171875,448101100
2024-08-29,117.39649200439452,117.58999633789062,124.43000030517578,116.70999908447266,121.36000061035156,453023300
2024-08-30,119.17357635498048,119.37000274658205,121.75,117.22000122070312,119.52999877929688,333751600
2024-09-03,107.82228088378906,108.0,116.20999908447266,107.29000091552734,116.01000213623048,477155100
2024-09-04,106.03523254394533,106.20999908447266,113.2699966430664,104.12000274658205,105.41000366210938,372470300
2024-09-05,107.03359985351562,107.20999908447266,109.6500015258789,104.76000213623048,104.98999786376952,306850700
2024-09-06,102.6607894897461,102.83000183105467,108.1500015258789,100.9499969482422,108.04000091552734,413638100
2024-09-09,106.29480743408205,106.47000122070312,106.5500030517578,103.69000244140624,104.87999725341795,273912000
2024-09-10,107.92211151123048,108.0999984741211,109.4000015258789,104.9499969482422,107.80999755859376,268283700
2024-09-11,116.71762084960938,116.91000366210938,117.19000244140624,107.41999816894533,109.38999938964844,441422400
2024-09-12,118.95413208007812,119.13999938964844,120.79000091552734,115.37999725341795,116.83999633789062,366052700
2024-09-13,118.91417694091795,119.0999984741211,119.95999908447266,117.5999984741211,119.08000183105467,238358300
2024-09-16,116.59780883789062,116.77999877929688,118.18000030517578,114.36000061035156,116.79000091552734,248772300
2024-09-17,115.40966033935548,115.58999633789062,118.8000030517578,114.83000183105467,118.16999816894533,231925900
2024-09-18,113.19313049316406,113.37000274658205,117.6999969482422,113.22000122070312,115.88999938964844,310318900
2024-09-19,117.68611907958984,117.87000274658205,119.66000366210938,117.25,117.3499984741211,293506400
2024-09-20,115.81903076171876,116.0,118.62000274658205,115.38999938964844,117.05999755859376,382462400
2024-09-23,116.07862091064452,116.26000213623048,116.98999786376952,114.86000061035156,116.5500030517578,206228500
2024-09-24,120.68142700195312,120.87000274658205,121.8000030517578,115.37999725341795,116.5199966430664,354966800
2024-09-25,123.31731414794922,123.51000213623048,124.94000244140624,121.61000061035156,122.0199966430664,284692900
2024-09-26,123.84648895263672,124.04000091552734,127.66999816894533,121.8000030517578,126.8000030517578,302582900
2024-09-27,121.21060943603516,121.4000015258789,124.02999877929688,119.26000213623048,123.97000122070312,271009200
2024-09-30,121.25054168701172,121.44000244140624,121.5,118.1500015258789,118.30999755859376,226553700
2024-10-01,116.81747436523438,117.0,122.44000244140624,115.79000091552734,121.7699966430664,302094500
2024-10-02,118.66458129882812,118.8499984741211,119.37999725341795,115.13999938964844,116.44000244140624,221845900
2024-10-03,122.65834045410156,122.8499984741211,124.36000061035156,120.33999633789062,120.91999816894533,277118000
2024-10-04,124.72511291503906,124.91999816894533,125.04000091552734,121.83000183105467,124.94000244140624,243678100
2024-10-07,127.52073669433594,127.72000122070312,130.63999938964844,124.9499969482422,124.98999786376952,346250200
2024-10-08,132.6826934814453,132.88999938964844,133.47999572753906,129.4199981689453,130.25999450683594,285722500
2024-10-09,132.44305419921875,132.64999389648438,134.52000427246094,131.3800048828125,134.11000061035156,246191600
2024-10-10,134.59967041015625,134.80999755859375,135.0,131.0,131.91000366210938,242311300
2024-10-11,134.58970642089844,134.8000030517578,135.77999877929688,133.66000366210938,134.00999450683594,170209500
2024-10-14,137.8546142578125,138.07000732421875,139.60000610351562,136.3000030517578,136.47000122070312,232347700
2024-10-15,131.3946990966797,131.60000610351562,138.57000732421875,128.74000549316406,137.8699951171875,377831000
2024-10-16,135.50827026367188,135.72000122070312,136.6199951171875,131.5800018310547,133.97999572753906,264879700
2024-10-17,136.71636962890625,136.92999267578125,140.88999938964844,136.8699951171875,139.33999633789062,306435900
2024-10-18,137.7847137451172,138.0,138.89999389648438,137.27999877929688,138.6699981689453,176090200
2024-10-21,143.4857940673828,143.7100067138672,143.7100067138672,138.0,138.1300048828125,264554500
2024-10-22,143.36598205566406,143.58999633789062,144.4199981689453,141.77999877929688,142.91000366210938,226311600
2024-10-23,139.34228515625,139.55999755859375,142.42999267578125,137.4600067138672,142.02999877929688,285930000
2024-10-24,140.19094848632812,140.41000366210938,141.35000610351562,138.4600067138672,140.82000732421875,172354900
2024-10-25,141.31918334960938,141.5399932861328,144.1300048828125,140.8000030517578,140.92999267578125,205122100
2024-10-28,140.30078125,140.52000427246094,143.13999938964844,140.0500030517578,143.0,173586700
2024-10-29,141.02963256835938,141.25,142.25999450683594,138.89999389648438,140.2899932861328,157593600
2024-10-30,139.12261962890625,139.33999633789062,140.3300018310547,136.80999755859375,139.5399932861328,179418100
2024-10-31,132.55288696289062,132.75999450683594,137.61000061035156,132.11000061035156,137.60000610351562,270039600
2024-11-01,135.1887664794922,135.39999389648438,137.30999755859375,134.57000732421875,134.6999969482422,207127800
2024-11-04,135.8377685546875,136.0500030517578,138.9600067138672,135.57000732421875,137.2100067138672,187528200
2024-11-05,139.6917266845703,139.91000366210938,140.3699951171875,137.3300018310547,137.4499969482422,160537400
2024-11-06,145.38284301757812,145.61000061035156,146.49000549316406,141.9600067138672,142.9600067138672,242043900
2024-11-07,148.6477508544922,148.8800048828125,148.92999267578125,146.1699981689453,146.38999938964844,207323300
2024-11-08,147.399658203125,147.6300048828125,149.77000427246094,146.25999450683594,148.77000427246094,175665800
2024-11-11,145.0333709716797,145.25999450683594,148.85000610351562,143.57000732421875,148.67999267578125,182325600
2024-11-12,148.0586395263672,148.2899932861328,149.64999389648438,146.00999450683594,146.77999877929688,198634700
2024-11-13,146.0417938232422,146.27000427246094,149.3300018310547,145.89999389648438,149.07000732421875,191903300
2024-11-14,146.53102111816406,146.75999450683594,149.0,145.5500030517578,147.63999938964844,194463300
2024-11-15,141.75848388671875,141.97999572753906,145.24000549316406,140.0800018310547,144.8699951171875,250132900
2024-11-18,139.93133544921875,140.14999389648438,141.5500030517578,137.14999389648438,139.5,221205300
2024-11-19,146.78065490722656,147.00999450683594,147.1300048828125,140.99000549316406,141.32000732421875,227834900
2024-11-20,145.66241455078125,145.88999938964844,147.55999755859375,142.72999572753906,147.41000366210938,309871700
2024-11-21,146.44119262695312,146.6699981689453,152.88999938964844,140.6999969482422,149.35000610351562,400946600
2024-11-22,141.72854614257812,141.9499969482422,147.16000366210938,141.10000610351562,145.92999267578125,236406200
2024-11-25,135.80780029296875,136.02000427246094,142.0500030517578,135.82000732421875,141.99000549316406,344941900
2024-11-26,136.70639038085938,136.9199981689453,139.3000030517578,135.6699981689453,137.6999969482422,190287700
2024-11-27,135.1288604736328,135.33999633789062,137.22000122070312,131.8000030517578,135.00999450683594,226370900
2024-11-29,138.03433227539062,138.25,139.35000610351562,136.0500030517578,136.77999877929688,141863200
2024-12-02,138.41371154785156,138.6300048828125,140.4499969482422,137.82000732421875,138.8300018310547,171682800
2024-12-03,140.0411834716797,140.25999450683594,140.5399932861328,137.9499969482422,138.25999450683594,164414000
2024-12-04,144.91354370117188,145.13999938964844,145.7899932861328,140.2899932861328,142.0,231224300
2024-12-05,144.8437042236328,145.05999755859375,146.5399932861328,143.9499969482422,145.11000061035156,172621200
2024-12-06,142.22756958007812,142.44000244140625,145.6999969482422,141.30999755859375,144.60000610351562,188505600
2024-12-09,138.6029815673828,138.80999755859375,139.9499969482422,137.1300048828125,138.97000122070312,189308600
2024-12-10,134.86859130859375,135.07000732421875,141.82000732421875,133.7899932861328,139.00999450683594,210020900
2024-12-11,139.10223388671875,139.30999755859375,140.1699981689453,135.2100067138672,137.36000061035156,184905200
2024-12-12,137.1351776123047,137.33999633789062,138.44000244140625,135.8000030517578,137.0800018310547,159211400
2024-12-13,134.0498046875,134.25,139.60000610351562,132.5399932861328,138.94000244140625,231514900
2024-12-16,131.8031463623047,132.0,134.39999389648438,130.4199981689453,134.17999267578125,237951100
2024-12-17,130.195556640625,130.38999938964844,131.58999633789062,126.86000061035156,129.08999633789062,259410300
2024-12-18,128.71775817871094,128.91000366210938,136.6999969482422,128.27999877929688,133.86000061035156,277444500
2024-12-19,130.485107421875,130.67999267578125,134.02999877929688,129.5500030517578,131.75999450683594,209719200
2024-12-20,134.49911499023438,134.6999969482422,135.27999877929688,128.22000122070312,129.80999755859375,306528600
2024-12-23,139.4617156982422,139.6699981689453,139.7899932861328,135.1199951171875,136.27999877929688,176053500
2024-12-24,140.0109100341797,140.22000122070312,141.89999389648438,138.64999389648438,140.0,105157000
2024-12-26,139.72132873535156,139.92999267578125,140.85000610351562,137.72999572753906,139.6999969482422,116205600
2024-12-27,136.8056640625,137.00999450683594,139.02000427246094,134.7100067138672,138.5500030517578,170582600
2024-12-30,137.2849578857422,137.49000549316406,140.27000427246094,134.02000427246094,134.8300018310547,167734700
2024-12-31,134.08973693847656,134.2899932861328,138.07000732421875,133.8300018310547,138.02999877929688,155659200
2025-01-02,138.1037139892578,138.30999755859375,138.8800048828125,134.6300048828125,136.0,198247200
2025-01-03,144.2545623779297,144.47000122070312,144.89999389648438,139.72999572753906,140.00999450683594,229322500
2025-01-06,149.2071533203125,149.42999267578125,152.16000366210938,147.82000732421875,148.58999633789062,265377400
2025-01-07,139.93099975585938,140.13999938964844,153.1300048828125,140.00999450683594,153.02999877929688,351782200
2025-01-08,139.90106201171875,140.11000061035156,143.9499969482422,137.55999755859375,142.5800018310547,227349900
2025-01-10,135.7073211669922,135.91000366210938,139.9199981689453,134.22000122070312,137.4499969482422,207602500
2025-01-13,133.0312957763672,133.22999572753906,133.49000549316406,129.50999450683594,129.99000549316406,204808900
2025-01-14,131.56350708007812,131.75999450683594,136.3800048828125,130.0500030517578,136.0500030517578,195590500
2025-01-15,136.03683471679688,136.24000549316406,136.4499969482422,131.2899932861328,133.64999389648438,185217300
2025-01-16,133.3708038330078,133.57000732421875,138.75,133.49000549316406,138.63999938964844,209235600
2025-01-17,137.504638671875,137.7100067138672,138.5,135.4600067138672,136.69000244140625,201188800
2025-01-21,140.61997985839844,140.8300018310547,141.8300018310547,137.08999633789062,139.16000366210938,197749000
2025-01-22,146.85067749023438,147.07000732421875,147.7899932861328,143.6699981689453,144.66000366210938,237651400
2025-01-23,147.00047302246094,147.22000122070312,147.22999572753906,143.72000122070312,145.0500030517578,155915500
2025-01-24,142.4073028564453,142.6199951171875,148.97000122070312,141.8800048828125,148.3699951171875,234657600
2025-01-27,118.24339294433594,118.41999816894533,128.39999389648438,116.6999969482422,124.8000030517578,818830900
2025-01-28,128.7976531982422,128.99000549316406,129.0,116.25,121.80999755859376,579666400
2025-01-29,123.51553344726562,123.6999969482422,126.88999938964844,120.0500030517578,126.5,467120600
2025-01-30,124.464111328125,124.6500015258789,125.0,118.0999984741211,123.0999984741211,392925500
2025-01-31,119.89094543457033,120.06999969482422,127.8499984741211,119.19000244140624,123.77999877929688,388161100
2025-02-03,116.4860382080078,116.66000366210938,118.56999969482422,113.01000213623048,114.75,371235700
2025-02-04,118.47305297851562,118.6500015258789,121.1999969482422,116.6999969482422,116.95999908447266,256550000
2025-02-05,124.64383697509766,124.83000183105467,125.0,120.76000213623048,121.76000213623048,262230800
2025-02-06,128.4880828857422,128.67999267578125,128.77000427246094,125.20999908447266,127.41999816894533,251483600
2025-02-07,129.64637756347656,129.83999633789062,130.3699951171875,125.0,129.22000122070312,228186300
2025-02-10,133.3708038330078,133.57000732421875,135.0,129.9600067138672,130.08999633789062,216989100
2025-02-11,132.60195922851562,132.8000030517578,134.47999572753906,131.02000427246094,132.5800018310547,178902400
2025-02-12,130.94442749023438,131.13999938964844,132.24000549316406,129.0800018310547,130.02000427246094,160278600
2025-02-13,135.08824157714844,135.2899932861328,136.5,131.1699981689453,131.55999755859375,197430000
2025-02-14,138.6429443359375,138.85000610351562,139.25,135.5,136.47999572753906,195479600
2025-02-18,139.19210815429688,139.39999389648438,143.44000244140625,137.92999267578125,141.27000427246094,219176600
2025-02-19,139.02235412597656,139.22999572753906,141.36000061035156,137.22000122070312,139.50999450683594,167536000
2025-02-20,139.90106201171875,140.11000061035156,140.66000366210938,136.7899932861328,140.02999877929688,143903600
2025-02-21,134.22950744628906,134.42999267578125,141.4600067138672,134.02999877929688,140.0399932861328,228217600
2025-02-24,130.08570861816406,130.27999877929688,138.58999633789062,130.0800018310547,136.55999755859375,251381100
2025-02-25,126.44115447998048,126.62999725341795,130.1999969482422,124.44000244140624,129.97999572753906,271428700
2025-02-26,131.084228515625,131.27999877929688,133.72999572753906,128.49000549316406,129.99000549316406,322553800
2025-02-27,119.9708251953125,120.1500015258789,135.00999450683594,120.01000213623048,135.0,443175800
2025-02-28,124.73371124267578,124.91999816894533,125.08999633789062,116.4000015258789,118.0199966430664,389091100
2025-03-03,113.88990020751952,114.05999755859376,123.6999969482422,112.27999877929688,123.51000213623048,411381400
2025-03-04,115.81702423095705,115.98999786376952,119.30999755859376,110.11000061035156,110.6500015258789,398163300
2025-03-05,117.12506866455078,117.3000030517578,118.27999877929688,114.51000213623048,117.58000183105467,284337900
2025-03-06,110.40510559082033,110.56999969482422,115.3499984741211,110.22000122070312,113.52999877929688,321181900
2025-03-07,112.52195739746094,112.69000244140624,113.4800033569336,107.55999755859376,111.25,341755500
2025-03-10,106.82046508789062,106.9800033569336,111.8499984741211,105.45999908447266,109.9000015258789,366487400
2025-03-11,108.59780883789062,108.76000213623048,112.23999786376952,104.7699966430664,106.98999786376952,354865700
2025-03-12,115.57803344726562,115.73999786376952,116.76000213623048,112.87999725341795,114.12000274658205,323857500
2025-03-13,115.41825103759766,115.58000183105467,117.76000213623048,113.79000091552734,117.02999877929688,299033100
2025-03-14,121.49972534179688,121.66999816894533,121.87999725341795,118.1500015258789,118.61000061035156,277593500
2025-03-17,119.36271667480467,119.52999877929688,122.88999938964844,118.02999877929688,122.73999786376952,255501500
2025-03-18,115.26846313476562,115.43000030517578,119.0199966430664,114.54000091552734,118.0,299686900
2025-03-19,117.35553741455078,117.5199966430664,120.4499969482422,115.68000030517578,117.2699966430664,273426200
2025-03-20,118.36412048339844,118.52999877929688,120.1999969482422,116.47000122070312,116.5500030517578,248829700
2025-03-21,117.5352783203125,117.6999969482422,117.98999786376952,115.41999816894533,116.94000244140624,266498500
2025-03-24,121.24009704589844,121.41000366210938,122.22000122070312,119.33999633789062,119.87999725341795,228452500
2025-03-25,120.52110290527344,120.69000244140624,121.29000091552734,118.91999816894533,120.5500030517578,167447200
2025-03-26,113.60079956054688,113.76000213623048,118.83999633789062,112.70999908447266,118.7300033569336,293463300
2025-03-27,111.27406311035156,111.43000030517578,114.4499969482422,110.66000366210938,111.3499984741211,236902100
2025-03-28,109.51652526855467,109.66999816894533,112.87000274658205,109.06999969482422,111.48999786376952,229872500
2025-03-31,108.22832489013672,108.37999725341795,110.95999908447266,103.6500015258789,105.12999725341795,299212700
2025-04-01,109.99585723876952,110.1500015258789,110.1999969482422,106.47000122070312,108.5199966430664,222614000
2025-04-02,110.26546478271484,110.41999816894533,111.9800033569336,106.79000091552734,107.29000091552734,220601200
2025-04-03,101.65754699707033,101.8000030517578,105.62999725341795,101.5999984741211,103.51000213623048,338769400
2025-04-04,94.17801666259766,94.30999755859376,100.12999725341795,92.11000061035156,98.91000366210938,532273800
2025-04-07,97.50334167480467,97.63999938964844,101.75,86.62000274658203,87.45999908447266,611041300
2025-04-08,96.1652374267578,96.3000030517578,105.8499984741211,94.45999908447266,103.80999755859376,476243400
2025-04-09,114.17000579833984,114.33000183105467,115.0999984741211,97.52999877929688,98.88999938964844,612918300
2025-04-10,107.4194564819336,107.56999969482422,110.86000061035156,99.1500015258789,109.37000274658205,437812400
2025-04-11,110.77476501464844,110.93000030517578,111.5500030517578,107.4800033569336,108.5,313417300
2025-04-14,110.55506896972656,110.70999908447266,114.29000091552734,109.06999969482422,114.11000061035156,264705000
2025-04-15,112.04297637939452,112.1999969482422,113.62000274658205,110.5,110.97000122070312,228966900
2025-04-16,104.3437728881836,104.48999786376952,106.79000091552734,100.4499969482422,104.5500030517578,397016900
2025-04-17,101.34796142578124,101.48999786376952,104.47000122070312,100.0500030517578,104.4499969482422,292517500
2025-04-21,96.7743911743164,96.91000366210938,99.44000244140624,95.04000091552734,98.7699966430664,288501100
2025-04-22,98.75160217285156,98.88999938964844,99.80999755859376,97.27999877929688,98.77999877929688,241004800
2025-04-23,102.5662612915039,102.70999908447266,104.8000030517578,102.0199966430664,104.5199966430664,247526000
2025-04-24,106.2810516357422,106.43000030517578,106.54000091552734,103.11000061035156,103.4800033569336,220815000
2025-04-25,110.85465240478516,111.01000213623048,111.91999816894533,105.7300033569336,106.8499984741211,251064700
2025-04-28,108.57784271240234,108.7300033569336,110.37000274658205,106.0199966430664,109.69000244140624,207708500
2025-04-29,108.867431640625,109.0199966430664,110.1999969482422,107.44000244140624,107.66999816894533,170444300
2025-04-30,108.76756286621094,108.91999816894533,108.91999816894533,104.08000183105467,104.47000122070312,235044600
2025-05-01,111.45380401611328,111.61000061035156,114.94000244140624,111.3000030517578,113.08000183105467,236121500
2025-05-02,114.33976745605467,114.5,115.4000015258789,113.37000274658205,114.18000030517578,190194800
2025-05-05,113.66072082519533,113.81999969482422,114.66999816894533,112.66000366210938,112.91000366210938,133163200
2025-05-06,113.38111114501952,113.54000091552734,114.73999786376952,110.81999969482422,111.4800033569336,158525600
2025-05-07,116.89617919921876,117.05999755859376,117.68000030517578,112.27999877929688,113.0500030517578,206758800
2025-05-08,117.20574951171876,117.37000274658205,118.68000030517578,115.8499984741211,118.25,198428100
2025-05-09,116.48676300048828,116.6500015258789,118.2300033569336,115.20999908447266,117.3499984741211,132972200
2025-05-12,122.82786560058594,123.0,123.0,120.27999877929688,121.97000122070312,225023300
2025-05-13,129.74815368652344,129.92999267578125,131.22000122070312,124.47000122070312,124.9800033569336,330430100
2025-05-14,135.15060424804688,135.33999633789062,135.44000244140625,131.67999267578125,133.1999969482422,281180800
2025-05-15,134.6413116455078,134.8300018310547,136.3000030517578,132.66000366210938,134.2899932861328,226632600
2025-05-16,135.21051025390625,135.39999389648438,136.35000610351562,133.4600067138672,136.22000122070312,226542500
2025-05-19,135.3802947998047,135.57000732421875,135.8699951171875,132.38999938964844,132.38999938964844,193154600
2025-05-20,134.19192504882812,134.3800048828125,134.5800018310547,132.6199951171875,134.2899932861328,161514200
2025-05-21,131.61557006835938,131.8000030517578,137.39999389648438,130.58999633789062,133.05999755859375,270608700
2025-05-22,132.6441192626953,132.8300018310547,134.25,131.5500030517578,132.22999572753906,187344000
2025-05-23,131.1062469482422,131.2899932861328,132.67999267578125,129.16000366210938,130.0,198821300
2025-05-27,135.31036376953125,135.5,135.66000366210938,133.30999755859375,134.14999389648438,192953600
2025-05-28,134.621337890625,134.80999755859375,137.25,134.7899932861328,136.02999877929688,304021100
2025-05-29,138.9951934814453,139.19000244140625,143.49000549316406,137.91000366210938,142.25,369241900
2025-05-30,134.94090270996094,135.1300048828125,139.6199951171875,132.9199981689453,138.72000122070312,333170900
2025-06-02,137.187744140625,137.3800048828125,138.1199951171875,135.39999389648438,135.49000549316406,197663100
2025-06-03,141.02235412597656,141.22000122070312,142.0,137.9499969482422,138.77999877929688,225578800
2025-06-04,141.7213897705078,141.9199981689453,142.38999938964844,139.5399932861328,142.19000244140625,167120800
2025-06-05,139.79408264160156,139.99000549316406,144.0,138.8300018310547,142.1699981689453,231397900
2025-06-06,141.52166748046875,141.72000122070312,143.27000427246094,141.50999450683594,142.50999450683594,153986200
2025-06-09,142.43040466308594,142.6300048828125,145.0,141.94000244140625,143.19000244140625,185114500
2025-06-10,143.75852966308594,143.9600067138672,144.2899932861328,141.52999877929688,142.69000244140625,155881900
2025-06-11,142.64002990722656,142.8300018310547,144.99000549316406,141.8699951171875,144.61000061035156,167694000
2025-06-12,144.80714416503906,145.0,145.0,141.85000610351562,141.97000122070312,162365000
2025-06-13,141.78115844726562,141.97000122070312,143.5800018310547,140.85000610351562,142.47999572753906,180820600
2025-06-16,144.49755859375,144.69000244140625,146.17999267578125,143.1999969482422,143.35000610351562,183133700
2025-06-17,143.9282989501953,144.1199951171875,145.22000122070312,143.77999877929688,144.49000549316406,139108000
2025-06-18,145.28648376464844,145.47999572753906,145.64999389648438,143.1199951171875,144.00999450683594,161494100
2025-06-20,143.65867614746094,143.85000610351562,146.1999969482422,142.64999389648438,145.4499969482422,242956200
2025-06-23,143.97824096679688,144.1699981689453,144.77999877929688,142.02999877929688,142.5,154308900
2025-06-24,147.70326232910156,147.89999389648438,147.9600067138672,145.5,145.55999755859375,187566100
2025-06-25,154.10475158691406,154.30999755859375,154.4499969482422,149.25999450683594,149.27000427246094,269146500
2025-06-26,154.81381225585938,155.02000427246094,156.72000122070312,154.0,155.97999572753906,198145700
2025-06-27,157.5401611328125,157.75,158.7100067138672,155.25999450683594,156.0399932861328,263234500
2025-06-30,157.7798614501953,157.99000549316406,158.66000366210938,155.9600067138672,158.39999389648438,194580300
2025-07-01,153.09608459472656,153.3000030517578,157.1999969482422,151.49000549316406,156.2899932861328,213143600
2025-07-02,157.0408477783203,157.25,157.60000610351562,152.97000122070312,152.97999572753906,171224100
2025-07-03,159.1280517578125,159.33999633789062,160.97999572753906,157.77000427246094,158.3699951171875,143716100
2025-07-07,158.02952575683594,158.24000549316406,159.30999755859375,157.33999633789062,158.1999969482422,140139000
2025-07-08,159.78717041015625,160.0,160.22000122070312,158.38999938964844,159.3300018310547,138133000
2025-07-09,162.66334533691406,162.8800048828125,164.4199981689453,161.16000366210938,161.22000122070312,183656400
2025-07-10,163.88172912597656,164.10000610351562,164.5,161.61000061035156,164.32000732421875,167704100
2025-07-11,164.70062255859375,164.9199981689453,167.88999938964844,163.47000122070312,163.72000122070312,193633300
2025-07-14,163.8517608642578,164.07000732421875,165.49000549316406,162.02000427246094,165.3699951171875,136975800
2025-07-15,170.4729461669922,170.6999969482422,172.39999389648438,169.1999969482422,171.19000244140625,230627400
2025-07-16,171.14205932617188,171.3699951171875,171.75,168.89999389648438,171.05999755859375,158831500
2025-07-17,172.76988220214844,173.0,174.16000366210938,170.8300018310547,172.02000427246094,160841100
2025-07-18,172.18067932128906,172.41000366210938,174.25,171.25999450683594,173.63999938964844,146456400
2025-07-21,171.1520538330078,171.3800048828125,173.3800048828125,171.0,172.75,123126100
2025-07-22,166.80783081054688,167.02999877929688,171.38999938964844,164.5800018310547,171.33999633789062,193114300
2025-07-23,170.55284118652344,170.77999877929688,171.25999450683594,167.97000122070312,169.52999877929688,154082200
2025-07-24,173.50892639160156,173.74000549316406,173.8300018310547,171.3000030517578,172.44000244140625,128984600
2025-07-25,173.2692413330078,173.5,174.72000122070312,172.9600067138672,173.61000061035156,122316800
2025-07-28,176.51490783691406,176.75,177.0,173.97000122070312,174.02000427246094,140023500
2025-07-29,175.2765350341797,175.50999450683594,179.3800048828125,175.02000427246094,177.9600067138672,154077500
2025-07-30,179.03155517578125,179.27000427246094,179.88999938964844,176.0399932861328,176.50999450683594,174312200
2025-07-31,177.6334228515625,177.8699951171875,183.3000030517578,175.92999267578125,182.8999938964844,221685400
2025-08-01,173.4889373779297,173.72000122070312,176.5399932861328,170.88999938964844,174.08999633789062,204529000
2025-08-04,179.76058959960938,180.0,180.1999969482422,174.52000427246094,175.16000366210938,148174600
2025-08-05,178.02288818359375,178.25999450683594,180.25999450683597,175.89999389648438,179.6199951171875,156407600
2025-08-06,179.1813507080078,179.4199981689453,179.89999389648438,176.25,176.3300018310547,137192300
2025-08-07,180.5295562744141,180.7700042724609,183.8800048828125,178.8000030517578,181.57000732421875,151878400
2025-08-08,182.4569854736328,182.6999969482422,183.3000030517578,180.3999938964844,181.5500030517578,123396700
2025-08-11,181.81784057617188,182.05999755859372,183.83999633789065,180.25,182.0500030517578,138323200
2025-08-12,182.9163818359375,183.16000366210935,184.47999572753903,179.4600067138672,182.9600067138672,145485700
2025-08-13,181.3484649658203,181.58999633789065,183.97000122070312,179.35000610351562,182.6199951171875,179871700
2025-08-14,181.77789306640625,182.0200042724609,183.0200042724609,179.4600067138672,179.75,129554000
2025-08-15,180.20997619628903,180.4499969482422,181.8999938964844,178.0399932861328,181.8800048828125,156602200
2025-08-18,181.7678985595703,182.00999450683597,182.94000244140625,180.58999633789065,180.6000061035156,132008000
2025-08-19,175.40638732910156,175.63999938964844,182.5,175.49000549316406,182.42999267578125,185229200
2025-08-20,175.1667022705078,175.39999389648438,176.0,168.8000030517578,175.1699981689453,215142700
2025-08-21,174.7472381591797,174.97999572753906,176.89999389648438,173.80999755859375,174.85000610351562,140040900
2025-08-22,177.7532501220703,177.99000549316406,178.58999633789062,171.1999969482422,172.61000061035156,172789400
2025-08-25,179.57083129882812,179.80999755859375,181.91000366210935,176.57000732421875,178.35000610351562,163012800
2025-08-26,181.5282287597656,181.7700042724609,182.38999938964844,178.80999755859375,180.05999755859375,168688200
2025-08-27,181.35845947265625,181.6000061035156,182.4900054931641,179.10000610351562,181.97999572753903,235518900
2025-08-28,179.9303436279297,180.1699981689453,184.47000122070312,176.41000366210938,180.82000732421875,281787800
2025-08-29,173.94830322265625,174.17999267578125,178.14999389648438,173.14999389648438,178.11000061035156,243257900
2025-09-02,170.55284118652344,170.77999877929688,172.3800048828125,167.22000122070312,170.0,231164900
2025-09-03,170.39305114746094,170.6199951171875,172.41000366210938,168.8800048828125,171.05999755859375,164424900
2025-09-04,171.43167114257812,171.66000366210938,171.86000061035156,169.41000366210938,170.57000732421875,141670100
2025-09-05,166.7978515625,167.02000427246094,169.02999877929688,164.07000732421875,168.02999877929688,224441400
2025-09-08,168.0861358642578,168.30999755859375,170.9600067138672,167.35000610351562,167.5500030517578,163769100
2025-09-09,170.53286743164062,170.75999450683594,170.97999572753906,166.74000549316406,169.08999633789062,157548400
2025-09-10,177.09414672851562,177.3300018310547,179.2899932861328,175.47000122070312,176.63999938964844,226852000
2025-09-11,176.94432067871094,177.1699981689453,180.27999877929688,176.47999572753906,179.67999267578125,151159300
2025-09-12,177.59349060058594,177.82000732421875,178.60000610351562,176.4499969482422,177.77000427246094,124911000
2025-09-15,177.52359008789062,177.75,178.85000610351562,174.50999450683594,175.6699981689453,147061600
2025-09-16,174.65725708007812,174.8800048828125,177.5,174.3800048828125,177.0,140737800
2025-09-17,170.0730743408203,170.2899932861328,173.1999969482422,168.41000366210938,172.63999938964844,211843800
2025-09-18,176.01551818847656,176.24000549316406,177.10000610351562,172.9600067138672,173.97999572753906,191763300
2025-09-19,176.4449462890625,176.6699981689453,178.0800018310547,175.17999267578125,175.77000427246094,237182100
2025-09-22,183.37612915039065,183.6100006103516,184.5500030517578,174.7100067138672,175.3000030517578,269637000
2025-09-23,178.2027130126953,178.42999267578125,182.4199981689453,176.2100067138672,181.97000122070312,192559600
2025-09-24,176.74456787109375,176.97000122070312,179.77999877929688,175.39999389648438,179.77000427246094,143564100
2025-09-25,177.46365356445312,177.69000244140625,180.25999450683597,173.1300048828125,174.47999572753906,191586700
2025-09-26,177.96302795410156,178.19000244140625,179.77000427246094,174.92999267578125,178.1699981689453,148573700
2025-09-29,181.6183624267578,181.8500061035156,184.0,180.32000732421875,180.42999267578125,193063500
2025-09-30,186.3423309326172,186.5800018310547,187.3500061035156,181.47999572753903,182.0800018310547,236981000
2025-10-01,187.0015106201172,187.2400054931641,188.13999938964844,183.8999938964844,185.2400054931641,173844900
2025-10-02,188.6493988037109,188.88999938964844,191.0500030517578,188.05999755859372,189.6000061035156,136805800
2025-10-03,187.38101196289065,187.6199951171875,190.3600006103516,185.3800048828125,189.19000244140625,137596900
2025-10-06,185.30364990234372,185.5399932861328,187.22999572753903,183.3300018310547,185.5,157678100
2025-10-07,184.80430603027344,185.0399932861328,189.05999755859372,184.0,186.22999572753903,140088000
2025-10-08,188.86911010742188,189.1100006103516,189.6000061035156,186.5399932861328,186.57000732421875,130168900
2025-10-09,192.32470703125,192.57000732421875,195.3000030517578,191.05999755859372,192.22999572753903,182997200
2025-10-10,182.92669677734372,183.16000366210935,195.6199951171875,182.0500030517578,193.50999450683597,268774400
2025-10-13,188.0801239013672,188.32000732421875,190.1100006103516,185.9600067138672,187.97000122070312,153482800
2025-10-14,179.80067443847656,180.02999877929688,184.8000030517578,179.6999969482422,184.7700042724609,205641400
2025-10-15,179.60093688964844,179.8300018310547,184.8699951171875,177.2899932861328,184.8000030517578,214450500
2025-10-16,181.57839965820312,181.80999755859372,183.27999877929688,179.77000427246094,182.22999572753903,179723300
2025-10-17,182.98660278320312,183.22000122070312,184.1000061035156,179.75,180.17999267578125,173135200
2025-10-20,182.4073486328125,182.63999938964844,185.1999969482422,181.72999572753903,183.1300048828125,128544700
2025-10-21,180.9292449951172,181.16000366210935,182.7899932861328,179.8000030517578,182.7899932861328,124240200
2025-10-22,180.0503692626953,180.27999877929688,183.44000244140625,176.75999450683594,181.13999938964844,162249600
2025-10-23,181.92796325683597,182.16000366210935,183.02999877929688,179.7899932861328,180.4199981689453,111363700
2025-10-24,186.0227203369141,186.25999450683597,187.47000122070312,183.5,183.83999633789065,131296700
2025-10-27,191.2460784912109,191.4900054931641,192.0,188.42999267578125,189.9900054931641,153452700
2025-10-28,200.77392578125,201.02999877929688,203.1499938964844,191.91000366210935,193.0500030517578,297986200
2025-10-29,206.7762756347656,207.0399932861328,212.19000244140625,204.77999877929688,207.97999572753903,308829600
2025-10-30,202.63156127929688,202.88999938964844,206.16000366210935,201.41000366210935,205.1499938964844,178864400
2025-10-31,202.2320709228516,202.4900054931641,207.97000122070312,202.07000732421875,206.4499969482422,179802200
2025-11-03,206.6164703369141,206.8800048828125,211.33999633789065,205.55999755859372,208.0800018310547,180267300
2025-11-04,198.43690490722656,198.69000244140625,203.97000122070312,197.92999267578125,203.0,188919300
2025-11-05,194.96136474609372,195.2100067138672,202.9199981689453,194.6499938964844,198.7700042724609,171350300
2025-11-06,187.84043884277344,188.0800018310547,197.6199951171875,186.3800048828125,196.4199981689453,223029800
2025-11-07,187.9103240966797,188.1499938964844,188.32000732421875,178.91000366210938,184.8999938964844,264942300
2025-11-10,198.7964630126953,199.0500030517578,199.94000244140625,193.7899932861328,195.1100006103516,198897100
2025-11-11,192.91395568847656,193.16000366210935,195.4199981689453,191.3000030517578,195.16000366210935,176483300
2025-11-12,193.5531463623047,193.8000030517578,195.88999938964844,191.1300048828125,195.72000122070312,154935300
2025-11-13,186.6219787597656,186.8600006103516,191.44000244140625,183.8500061035156,191.0500030517578,207423100
2025-11-14,189.92774963378903,190.1699981689453,191.00999450683597,180.5800018310547,182.8600006103516,186591900
2025-11-17,186.36231994628903,186.6000061035156,189.0,184.32000732421875,185.97000122070312,173628900
2025-11-18,181.1289825439453,181.3600006103516,184.8000030517578,179.64999389648438,183.3800048828125,213598900
2025-11-19,186.28240966796875,186.5200042724609,187.8600006103516,182.8300018310547,184.7899932861328,247246400
2025-11-20,180.40989685058597,180.63999938964844,196.0,179.85000610351562,195.9499969482422,343504800
2025-11-21,178.6521453857422,178.8800048828125,184.55999755859372,172.92999267578125,181.2400054931641,346926200
2025-11-24,182.3174743652344,182.5500030517578,183.5,176.47999572753906,179.49000549316406,256618300
2025-11-25,177.59349060058594,177.82000732421875,178.16000366210938,169.5500030517578,174.91000366210938,320600300
2025-11-26,180.03038024902344,180.25999450683597,182.91000366210935,178.24000549316406,181.6300048828125,183852000
2025-11-28,176.7745361328125,177.0,179.2899932861328,176.5,179.00999450683594,121332800
2025-12-01,179.69081115722656,179.9199981689453,180.3000030517578,173.67999267578125,174.75999450683594,188131000
2025-12-02,181.22886657714844,181.4600067138672,185.66000366210935,180.0,181.75999450683597,182632200
2025-12-03,179.36123657226562,179.58999633789062,182.4499969482422,179.11000061035156,181.0800018310547,165138000
2025-12-04,183.1566162109375,183.3800048828125,184.5200042724609,179.9600067138672,181.6199951171875,167364900
2025-12-05,182.1877899169922,182.41000366210935,184.66000366210935,180.91000366210935,183.88999938964844,143971100
2025-12-08,185.323974609375,185.5500030517578,188.0,182.3999938964844,182.63999938964844,204378100
2025-12-09,184.7446746826172,184.97000122070312,185.72000122070312,183.32000732421875,185.55999755859372,144719700
2025-12-10,183.55612182617188,183.77999877929688,185.47999572753903,182.0399932861328,184.97000122070312,162785400
2025-12-11,180.70957946777344,180.92999267578125,181.32000732421875,176.6199951171875,180.27999877929688,182136600
2025-12-12,174.80679321289062,175.02000427246094,182.82000732421875,174.6199951171875,181.1100006103516,204274900
2025-12-15,176.0752410888672,176.2899932861328,178.4199981689453,175.02999877929688,177.94000244140625,164775600
2025-12-16,177.50350952148438,177.72000122070312,178.49000549316406,174.89999389648438,176.25999450683594,148588100
2025-12-17,170.7317657470703,170.94000244140625,176.1300048828125,170.30999755859375,176.10000610351562,222775500
2025-12-18,173.9278564453125,174.13999938964844,176.14999389648438,171.82000732421875,174.52999877929688,176096000
2025-12-19,180.7695159912109,180.9900054931641,181.4499969482422,176.33999633789062,176.6699981689453,324925900
2025-12-22,183.4662322998047,183.69000244140625,184.16000366210935,182.3500061035156,183.9199981689453,129064400
2025-12-23,188.97950744628903,189.2100067138672,189.3300018310547,182.8999938964844,182.97000122070312,174873600
2025-12-24,188.38023376464844,188.6100006103516,188.91000366210935,186.58999633789065,187.94000244140625,65528500
2025-12-26,190.2978973388672,190.52999877929688,192.69000244140625,188.0,189.9199981689453,139740300
2025-12-29,187.9907073974609,188.22000122070312,188.75999450683597,185.91000366210935,187.7100067138672,120006100
2025-12-30,187.31153869628903,187.5399932861328,188.9900054931641,186.92999267578125,188.2400054931641,97687300
2025-12-31,186.27281188964844,186.5,190.55999755859372,186.4900054931641,189.57000732421875,120100500
2026-01-02,188.6199493408203,188.8500061035156,192.92999267578125,188.25999450683597,189.83999633789065,148240500
2026-01-05,187.89083862304688,188.1199951171875,193.6300048828125,186.1499938964844,191.75999450683597,183529700
2026-01-06,187.0119171142578,187.2400054931641,192.1699981689453,186.82000732421875,190.5200042724609,176862600
2026-01-07,188.87962341308597,189.1100006103516,191.3699951171875,186.55999755859372,188.57000732421875,153543200
2026-01-08,184.8145904541016,185.0399932861328,189.5500030517578,183.7100067138672,189.1100006103516,172457000
2026-01-09,184.63479614257807,184.8600006103516,186.33999633789065,183.6699981689453,185.0800018310547,131327500
2026-01-12,184.71470642089844,184.94000244140625,187.1199951171875,183.0200042724609,183.22000122070312,137968500
2026-01-13,185.58364868164065,185.80999755859372,188.1100006103516,183.3999938964844,185.0,160128900
2026-01-14,182.91688537597656,183.13999938964844,184.4600067138672,180.8000030517578,184.32000732421875,159586100
2026-01-15,186.8221435546875,187.0500030517578,189.6999969482422,186.3300018310547,186.5,206188600
2026-01-16,186.0031280517578,186.22999572753903,190.44000244140625,186.0800018310547,189.0800018310547,187967200
2026-01-20,177.8530731201172,178.07000732421875,182.3800048828125,177.61000061035156,181.8999938964844,223345300
2026-01-21,183.09669494628903,183.32000732421875,185.3800048828125,178.39999389648438,179.0500030517578,200381000
2026-01-22,184.6148223876953,184.83999633789065,186.1699981689453,183.92999267578125,184.75,139636600
2026-01-23,187.44137573242188,187.6699981689453,189.6000061035156,186.82000732421875,187.5,142748100
2026-01-26,186.2428436279297,186.47000122070312,189.1199951171875,185.9900054931641,187.16000366210935,124799600
2026-01-27,188.29034423828125,188.5200042724609,190.0,185.6999969482422,187.2400054931641,143711600
2026-01-28,191.2866973876953,191.5200042724609,192.3500061035156,189.83999633789065,191.2700042724609,148552700
2026-01-29,192.2754821777344,192.50999450683597,193.47999572753903,186.05999755859372,191.33999633789065,171764400
2026-01-30,190.8971710205078,191.1300048828125,194.4900054931641,189.47000122070312,191.2100067138672,179489500
2026-02-02,185.38389587402344,185.6100006103516,190.3000030517578,184.8800048828125,187.1999969482422,165794100
2026-02-03,180.12030029296875,180.33999633789065,186.2700042724609,176.22999572753906,186.2400054931641,204019600
2026-02-04,173.97779846191406,174.19000244140625,179.5800018310547,171.91000366210938,179.4600067138672,207014100
2026-02-05,171.6706085205078,171.8800048828125,176.82000732421875,171.02999877929688,174.92999267578125,206312900
2026-02-06,185.1841278076172,185.41000366210935,187.0,174.60000610351562,176.69000244140625,231346200
2026-02-09,189.80848693847656,190.0399932861328,193.66000366210935,183.9499969482422,184.25999450683597,196387400
2026-02-10,188.3103179931641,188.5399932861328,192.47999572753903,188.1199951171875,191.3800048828125,136764800
2026-02-11,189.8184814453125,190.0500030517578,193.25999450683597,188.7700042724609,192.4499969482422,144192700
2026-02-12,186.7122802734375,186.94000244140625,193.6100006103516,186.50999450683597,193.02999877929688,189932500
2026-02-13,182.5873107910156,182.80999755859372,187.5,181.58999633789065,187.47999572753903,161888000
2026-02-17,184.7446746826172,184.97000122070312,187.1499938964844,179.17999267578125,181.75,162276900
2026-02-18,187.75099182128903,187.97999572753903,190.3699951171875,186.75999450683597,188.75,164749100
2026-02-19,187.6710968017578,187.8999938964844,188.42999267578125,185.66000366210935,187.05999755859372,126554500
2026-02-20,189.5887756347656,189.82000732421875,190.3300018310547,185.94000244140625,186.57000732421875,178422300
2026-02-23,191.3166656494141,191.5500030517578,193.9499969482422,189.5800018310547,191.3999938964844,171584800
2026-02-24,192.61508178710935,192.8500061035156,193.7700042724609,187.3999938964844,191.4900054931641,175123600
2026-02-25,195.3217620849609,195.55999755859372,197.6300048828125,193.7899932861328,194.4499969482422,250637100
2026-02-26,184.66476440429688,184.88999938964844,194.2899932861328,184.32000732421875,194.2700042724609,360807900
2026-02-27,176.97415161132812,177.19000244140625,182.58999633789065,176.3800048828125,181.25,311636500
2026-03-02,182.25770568847656,182.47999572753903,183.4600067138672,174.63999938964844,175.00999450683594,209095300
2026-03-03,179.83065795898438,180.0500030517578,180.8999938964844,176.9199981689453,178.49000549316406,178099400
2026-03-04,182.8170166015625,183.0399932861328,184.6999969482422,180.05999755859375,180.44000244140625,177731200
2026-03-05,183.1166534423828,183.33999633789065,184.05999755859372,177.8800048828125,181.1699981689453,198779700
2026-03-06,177.60337829589844,177.82000732421875,182.75999450683597,176.82000732421875,179.83999633789062,189021900
2026-03-09,182.427490234375,182.6499938964844,182.91000366210935,175.55999755859375,176.8300018310547,177213600
2026-03-10,184.544921875,184.7700042724609,186.44000244140625,182.00999450683597,182.3999938964844,179118500
2026-03-11,185.8134307861328,186.02999877929688,187.6199951171875,184.4499969482422,185.91000366210935,145280400
2026-03-12,182.9268035888672,183.13999938964844,184.94000244140625,181.75,184.0500030517578,155762700
2026-03-13,180.0401611328125,180.25,186.08999633789065,179.94000244140625,184.9199981689453,160988400
2026-03-16,183.0067138671875,183.22000122070312,188.8800048828125,181.41000366210935,182.97000122070312,217307400
2026-03-17,181.71820068359372,181.92999267578125,185.3999938964844,181.67999267578125,185.05999755859372,182497800
2026-03-18,180.1899871826172,180.3999938964844,183.3800048828125,180.3300018310547,182.47999572753903,156683100
2026-03-19,178.3521270751953,178.55999755859375,179.97999572753906,175.7899932861328,178.00999450683594,170968500
2026-03-20,172.4989471435547,172.6999969482422,178.25999450683594,171.72000122070312,178.0,241323500
2026-03-23,175.43553161621094,175.63999938964844,178.3699951171875,174.75999450683594,177.25999450683594,182836300
2026-03-24,174.99603271484375,175.1999969482422,176.22000122070312,173.97999572753906,174.8300018310547,147667800
2026-03-25,178.47198486328125,178.67999267578125,181.22000122070312,176.85000610351562,177.10000610351562,162602100
2026-03-26,171.04066467285156,171.24000549316406,176.50999450683594,171.13999938964844,176.07000732421875,186152200
2026-03-27,167.32498168945312,167.52000427246094,170.97000122070312,167.00999450683594,170.0,196212700
2026-03-30,164.97772216796875,165.1699981689453,169.4499969482422,164.27000427246094,168.77999877929688,185627000
2026-03-31,174.1969757080078,174.39999389648438,174.6199951171875,166.9600067138672,166.97000122070312,226181300
2026-04-01,175.54541015625,175.75,177.3699951171875,174.75,176.0,168132000
2026-04-02,177.18348693847656,177.38999938964844,177.49000549316406,171.3699951171875,172.17999267578125,143143200
2026-04-06,177.43319702148438,177.63999938964844,177.7899932861328,175.75999450683594,177.16000366210938,107564300
2026-04-07,177.89266967773438,178.10000610351562,178.22999572753906,173.66000366210938,175.72999572753906,132534900
2026-04-08,181.8680419921875,182.0800018310547,185.25999450683597,180.3000030517578,184.5,147732700
2026-04-09,183.69590759277344,183.91000366210935,184.0800018310547,180.6199951171875,181.83999633789065,116428500
2026-04-10,188.4104156494141,188.6300048828125,190.0,184.3000030517578,184.30999755859372,160459500
2026-04-13,189.0896148681641,189.30999755859372,189.66000366210935,185.7400054931641,186.02999877929688,133648200
2026-04-14,196.2812347412109,196.50999450683597,196.50999450683597,190.7700042724609,190.83999633789065,161307000
2026-04-15,198.63848876953125,198.8699951171875,200.3999938964844,195.7400054931641,196.5399932861328,185338400
2026-04-16,198.1190948486328,198.3500061035156,199.8500061035156,195.80999755859372,197.42999267578125,134012900
2026-04-17,201.44520568847656,201.67999267578125,201.6999969482422,199.2700042724609,199.8999938964844,160324400
2026-04-20,201.82476806640625,202.05999755859372,202.1699981689453,197.83999633789065,199.97999572753903,119381400
2026-04-21,199.64732360839844,199.8800048828125,202.75,199.0,202.1300048828125,107945300
2026-04-22,202.26426696777344,202.5,202.5,199.0,200.9900054931641,107501000
2026-04-23,199.4075927734375,199.63999938964844,203.8300018310547,197.22000122070312,202.4600067138672,113561800
2026-04-24,208.0275421142578,208.2700042724609,210.9499969482422,199.80999755859372,199.9600067138672,214134400
2026-04-27,216.3578338623047,216.6100006103516,216.8300018310547,207.3800048828125,209.6499938964844,187172400
2026-04-28,212.92184448242188,213.1699981689453,214.72999572753903,208.1999969482422,209.4900054931641,180275400
2026-04-29,209.00640869140625,209.25,212.72000122070312,207.5800018310547,212.6999969482422,123711800
2026-04-30,199.33767700195312,199.57000732421875,210.3000030517578,198.6999969482422,209.92999267578125,225239200
2026-05-01,198.21897888183597,198.4499969482422,203.0,197.1199951171875,201.27999877929688,128647000
2026-05-04,198.2489318847656,198.47999572753903,201.72999572753903,194.7400054931641,199.5,125368100
2026-05-05,196.271240234375,196.5,200.2400054931641,196.02999877929688,199.3000030517578,113406600
2026-05-06,207.5880584716797,207.8300018310547,208.2700042724609,198.6100006103516,199.88999938964844,188362800
2026-05-07,211.2537841796875,211.5,214.1999969482422,206.5,208.33999633789065,168307900
2026-05-08,214.9494781494141,215.1999969482422,217.8000030517578,212.88999938964844,213.02999877929688,136421400
2026-05-11,219.18453979492188,219.44000244140625,222.3000030517578,213.88999938964844,214.0399932861328,160685800
2026-05-12,220.52297973632807,220.77999877929688,223.75,214.9199981689453,218.5500030517578,159176600
2026-05-13,225.56710815429688,225.8300018310547,227.83999633789065,221.57000732421875,224.92999267578125,150405400
2026-05-14,235.465576171875,235.7400054931641,236.5399932861328,229.3000030517578,229.8500061035156,180782900
2026-05-15,225.0577087402344,225.32000732421875,231.5,224.2400054931641,229.75999450683597,180977600
2026-05-18,222.0612030029297,222.32000732421875,230.0,218.3699951171875,229.8699951171875,146280900
2026-05-19,220.35317993164065,220.6100006103516,224.47999572753903,217.91000366210935,219.6199951171875,140948200
2026-05-20,223.20985412597656,223.47000122070312,226.1300048828125,220.5,223.17999267578125,184201600
2026-05-21,219.25445556640625,219.50999450683597,227.3999938964844,217.92999267578125,222.2899932861328,203381800
2026-05-22,215.07933044433597,215.3300018310547,221.00999450683597,214.8000030517578,220.8999938964844,169275700
2026-05-26,214.60987854003903,214.8600006103516,218.17999267578125,212.0,216.5399932861328,187202600
2026-05-27,212.35250854492188,212.6000061035156,214.1499938964844,208.77999877929688,214.1199951171875,167601200
2026-05-28,214.0005798339844,214.25,215.5200042724609,211.22000122070312,211.27999877929688,143996000
2026-05-29,210.8942108154297,211.13999938964844,217.8600006103516,211.1300048828125,214.5800018310547,289410600
2026-06-01,224.09881591796875,224.3600006103516,224.8699951171875,215.6999969482422,215.72999572753903,212850700
2026-06-02,222.56060791015625,222.82000732421875,232.27999877929688,221.3500061035156,227.17999267578125,193362900
2026-06-03,214.5,214.75,222.82000732421875,214.50999450683597,221.72000122070312,160907000
2026-06-04,218.66000366210935,218.66000366210935,221.6000061035156,210.97000122070312,213.91000366210935,169022200
2026-06-05,205.1000061035156,205.1000061035156,214.8699951171875,204.3300018310547,214.52999877929688,219655500
2026-06-08,208.63999938964844,208.63999938964844,210.47000122070312,206.0,210.17999267578125,138372800
2026-06-09,208.19000244140625,208.19000244140625,211.3999938964844,199.33999633789065,210.6199951171875,180962500
2026-06-10,200.4199981689453,200.4199981689453,207.22000122070312,199.9199981689453,204.42999267578125,161746600
2026-06-11,204.8699951171875,204.8699951171875,205.66000366210935,199.5399932861328,201.4900054931641,158643200
2026-06-12,205.19000244140625,205.19000244140625,207.07000732421875,203.44000244140625,204.8600006103516,112001800
2026-06-15,212.4499969482422,212.4499969482422,212.7100067138672,208.33999633789065,208.9199981689453,149936700
2026-06-16,207.41000366210935,207.41000366210935,211.4900054931641,207.2899932861328,211.17999267578125,125694100
2026-06-17,204.6499938964844,204.6499938964844,209.2100067138672,203.0800018310547,208.52999877929688,128363500
2026-06-18,210.69000244140625,210.69000244140625,211.38999938964844,206.5,207.3300018310547,241272000
2026-06-22,208.6499938964844,208.6499938964844,213.9900054931641,207.72000122070312,211.44000244140625,122041400
2026-06-23,200.0399932861328,200.0399932861328,203.7700042724609,200.0,202.1699981689453,153496200
2026-06-24,199.0,199.0,201.6699981689453,196.5800018310547,200.1199951171875,151810700
2026-06-25,195.7400054931641,195.7400054931641,200.8000030517578,192.1300048828125,200.0800018310547,149550000
2026-06-26,192.52999877929688,192.52999877929688,195.5500030517578,191.22000122070312,193.1199951171875,179304100
2026-06-29,194.97000122070312,194.97000122070312,196.17999267578125,189.8000030517578,193.8500061035156,148835700
2026-06-30,200.08999633789065,200.08999633789065,200.6300048828125,195.1100006103516,197.2400054931641,166476700
2026-07-01,197.5800018310547,197.5800018310547,199.8500061035156,193.4499969482422,196.1999969482422,146147600
2026-07-02,194.8300018310547,194.8300018310547,200.05999755859372,192.3500061035156,197.13999938964844,142068700
2026-07-06,195.5500030517578,195.5500030517578,197.5500030517578,193.9900054931641,194.4199981689453,108999000
2026-07-07,196.92999267578125,196.92999267578125,198.41000366210935,191.13999938964844,192.3699951171875,124154600
2026-07-08,204.1199951171875,204.1199951171875,205.16000366210935,195.05999755859372,195.17999267578125,147419100
2026-07-09,202.77999877929688,202.77999877929688,204.58999633789065,198.9600067138672,204.4600067138672,132037400
2026-07-10,210.9600067138672,210.9600067138672,211.0,201.9199981689453,202.0,148421000
2026-07-13,203.52999877929688,203.52999877929688,210.57000732421875,203.0,208.5399932861328,121411000
2026-07-14,211.8000030517578,211.8000030517578,212.5500030517578,203.8000030517578,208.1999969482422,124379600
2026-07-15,212.5,212.5,213.80999755859372,206.0399932861328,211.9600067138672,124797200
2026-07-16,207.3999938964844,207.3999938964844,211.0800018310547,205.8500061035156,210.1699981689453,122986100
2026-07-17,202.80999755859372,202.80999755859372,206.6499938964844,197.97000122070312,202.63999938964844,144281900
2026-07-20,203.27999877929688,203.27999877929688,207.7400054931641,202.27999877929688,205.8699951171875,88701500
2026-07-21,207.2899932861328,207.2899932861328,208.6499938964844,204.00999450683597,207.5399932861328,108685600
2026-07-22,212.05999755859372,212.05999755859372,214.38999938964844,204.9499969482422,205.80999755859372,137645600
2026-07-23,208.75999450683597,208.75999450683597,210.8699951171875,205.9600067138672,209.4600067138672,110505300
2026-07-24,206.83999633789065,206.83999633789065,211.91000366210935,204.80999755859372,207.4499969482422,114836800
2026-07-27,196.50999450683597,196.50999450683597,208.75,195.44000244140625,208.1999969482422,154353700
2026-07-28,197.00999450683597,197.00999450683597,198.6999969482422,192.7400054931641,195.0,134111500
2026-07-29,190.00999450683597,190.00999450683597,197.07000732421875,190.00999450683597,195.8500061035156,147680800
2026-07-30,195.0399932861328,195.0399932861328,197.25,191.5200042724609,193.4499969482422,129010200
2026-07-31,200.75,200.75,202.0,194.9499969482422,198.44000244140625,139961200
2026-08-03,206.63999938964844,206.63999938964844,208.7400054931641,196.8500061035156,197.69000244140625,128406900
2026-08-04,211.94000244140625,211.94000244140625,213.05999755859372,209.0500030517578,211.3000030517578,134922000
2026-08-05,219.22000122070312,219.22000122070312,222.22000122070312,216.3999938964844,216.8600006103516,158187400
2026-08-06,218.9900054931641,218.9900054931641,223.6300048828125,217.0,221.52999877929688,113940600
2026-08-07,223.9600067138672,223.9600067138672,224.75999450683597,220.66000366210935,221.5399932861328,105669400
2026-08-10,217.5500030517578,217.5500030517578,224.13999938964844,216.7700042724609,223.3999938964844,115846600
2026-08-11,217.5,217.5,222.1999969482422,216.1999969482422,222.1699981689453,101273100
2026-08-12,224.08999633789065,224.08999633789065,225.1000061035156,220.1999969482422,221.0399932861328,108783600
2026-08-13,225.3000030517578,225.3000030517578,227.22999572753903,223.7100067138672,225.05999755859372,98867200
2026-08-14,225.16000366210935,225.16000366210935,227.4900054931641,224.5,226.7700042724609,75680900
2026-08-17,,,227.9199981689453,224.8600006103516,226.0200042724609,81442206
